StartDate,EndDate,Status,IPAddress,Progress,Duration (in seconds),Finished,RecordedDate,ResponseId,RecipientLastName,RecipientFirstName,RecipientEmail,ExternalReference,LocationLatitude,LocationLongitude,DistributionChannel,UserLanguage,Q1.7,Q2.2,Q2.3,Q2.5,Q2.6,Q2.8,Q2.9,Q2.11,Q2.12,Q2.14,Q2.15,Q2.17,Q2.18,Q2.20,Q2.21,Q2.23,Q2.24,Q2.26,Q2.27,Q2.29,Q2.30,Q2.32,Q2.33,Q2.35,Q2.36,Q2.38,Q2.39,Q2.41,Q2.42,Q2.44,Q2.45,Q2.47,Q2.48,Q2.50,Q2.51,Q2.53,Q2.54,Q2.56,Q2.57,Q2.59,Q2.60,Q2.62,Q2.63,Q2.65,Q2.66,Q2.68,Q2.69,Q2.71,Q2.72,Q2.74,Q2.75,Q2.77,Q2.78,Q2.80,Q2.81,Q2.83,Q2.84,Q2.86,Q2.87,Q2.89,Q2.90,Q2.92,Q2.93,Q2.95,Q2.96,Q2.98,Q2.99,Q2.101,Q2.102,Q2.104,Q2.105,Q2.107,Q2.108,Q2.110,Q2.111,Q2.113,Q2.114,Q2.116,Q2.117,Q2.119,Q2.120,Q2.122,Q2.123,Q2.125,Q2.126,Q2.128,Q2.129,Q2.131,Q2.132,Q2.134,Q2.135,Q2.137,Q2.138,Q2.140,Q2.141,Q2.143,Q2.144,Q2.146,Q2.147,Q2.149,Q2.150,Q2.152,Q2.153,Q2.155,Q2.156,Q2.158,Q2.159,Q2.161,Q2.162,Q2.164,Q2.165,Q2.167,Q2.168,Q2.170,Q2.171,Q2.173,Q2.174,Q2.176,Q2.177,Q2.179,Q2.180,Q2.182,Q2.183,Q2.185,Q2.186,Q2.188,Q2.189,Q2.191,Q2.192,Q2.194,Q2.195,Q2.197,Q2.198,Q2.200,Q2.201,Q2.203,Q2.204,Q2.206,Q2.207,Q2.209,Q2.210,Q2.212,Q2.213,Q2.215,Q2.216,Q2.218,Q2.219,Q2.221,Q2.222,Q2.224,Q2.225,Q2.227,Q2.228,Q2.230,Q2.231,Q2.233,Q2.234,Q2.236,Q2.237,Q2.239,Q2.240,Q728,Q729,Q731,Q733,Q734,Q3.2,Q3.3,Q3.5,Q3.6,Q3.8,Q3.9,Q3.11,Q3.12,Q3.14,Q3.15,Q3.17,Q3.18,Q3.20,Q3.21,Q3.23,Q3.24,Q3.26,Q3.27,Q3.29,Q3.30,Q3.32,Q3.33,Q3.35,Q3.36,Q3.38,Q3.39,Q3.41,Q3.42,Q3.44,Q3.45,Q3.47,Q3.48,Q3.50,Q3.51,Q3.53,Q3.54,Q3.56,Q3.57,Q3.59,Q3.60,Q3.62,Q3.63,Q3.65,Q3.66,Q3.68,Q3.69,Q3.71,Q3.72,Q3.74,Q3.75,Q3.77,Q3.78,Q3.80,Q3.81,Q3.83,Q3.84,Q3.86,Q3.87,Q3.89,Q3.90,Q3.92,Q3.93,Q3.95,Q3.96,Q3.98,Q3.99,Q3.101,Q3.102,Q3.104,Q3.105,Q3.107,Q3.108,Q3.110,Q3.111,Q3.113,Q3.114,Q3.116,Q3.117,Q3.119,Q3.120,Q3.122,Q3.123,Q3.125,Q3.126,Q3.128,Q3.129,Q3.131,Q3.132,Q3.134,Q3.135,Q3.137,Q3.138,Q3.140,Q3.141,Q3.143,Q3.144,Q3.146,Q3.147,Q3.149,Q3.150,Q3.152,Q3.153,Q3.155,Q3.156,Q3.158,Q3.159,Q3.161,Q3.162,Q3.164,Q3.165,Q3.167,Q3.168,Q3.170,Q3.171,Q3.173,Q3.174,Q3.176,Q3.177,Q3.179,Q3.180,Q3.182,Q3.183,Q3.185,Q3.186,Q3.188,Q3.189,Q3.191,Q3.192,Q3.194,Q3.195,Q3.197,Q3.198,Q3.200,Q3.201,Q3.203,Q3.204,Q3.206,Q3.207,Q3.209,Q3.210,Q3.212,Q3.213,Q3.215,Q3.216,Q3.218,Q3.219,Q3.221,Q3.222,Q3.224,Q3.225,Q3.227,Q3.228,Q3.230,Q3.231,Q3.233,Q3.234,Q3.236,Q3.237,Q3.239,Q3.240,Q4.2,Q4.3,Q4.5,Q4.6,Q4.8,Q4.9,Q4.11,Q4.12,Q4.14,Q4.15,Q4.17,Q4.18,Q4.20,Q4.21,Q4.23,Q4.24,Q4.26,Q4.27,Q4.29,Q4.30,Q4.32,Q4.33,Q4.35,Q4.36,Q4.38,Q4.39,Q4.41,Q4.42,Q4.44,Q4.45,Q4.47,Q4.48,Q4.50,Q4.51,Q4.53,Q4.54,Q4.56,Q4.57,Q4.59,Q4.60,Q4.62,Q4.63,Q4.65,Q4.66,Q4.68,Q4.69,Q4.71,Q4.72,Q4.74,Q4.75,Q4.77,Q4.78,Q4.80,Q4.81,Q4.83,Q4.84,Q4.86,Q4.87,Q4.89,Q4.90,Q4.92,Q4.93,Q4.95,Q4.96,Q4.98,Q4.99,Q4.101,Q4.102,Q4.104,Q4.105,Q4.107,Q4.108,Q4.110,Q4.111,Q4.113,Q4.114,Q4.116,Q4.117,Q4.119,Q4.120,Q4.122,Q4.123,Q4.125,Q4.126,Q4.128,Q4.129,Q4.131,Q4.132,Q4.134,Q4.135,Q4.137,Q4.138,Q4.140,Q4.141,Q4.143,Q4.144,Q4.146,Q4.147,Q4.149,Q4.150,Q4.152,Q4.153,Q4.155,Q4.156,Q4.158,Q4.159,Q4.161,Q4.162,Q4.164,Q4.165,Q4.167,Q4.168,Q4.170,Q4.171,Q4.173,Q4.174,Q4.176,Q4.177,Q4.179,Q4.180,Q4.182,Q4.183,Q4.185,Q4.186,Q4.188,Q4.189,Q4.191,Q4.192,Q4.194,Q4.195,Q4.197,Q4.198,Q4.200,Q4.201,Q4.203,Q4.204,Q4.206,Q4.207,Q4.209,Q4.210,Q4.212,Q4.213,Q4.215,Q4.216,Q4.218,Q4.219,Q4.221,Q4.222,Q4.224,Q4.225,Q4.227,Q4.228,Q4.230,Q4.231,Q4.233,Q4.234,Q4.236,Q4.237,Q4.239,Q4.240
Start Date,End Date,Response Type,IP Address,Progress,Duration (in seconds),Finished,Recorded Date,Response ID,Recipient Last Name,Recipient First Name,Recipient Email,External Data Reference,Location Latitude,Location Longitude,Distribution Channel,User Language,Please select your group,Q2.2,​,Q2.5,​,Q2.8,​,Q2.11,​,Q2.14,​,Q2.17,​,Q2.20,​,Q2.23,​,Q2.26,​,Q2.29,​,Q2.32,​,Q2.35,​,Q2.38,​,Q2.41,​,Q2.44,​,Q2.47,​,Q2.50,​,Q2.53,​,Q2.56,​,Q2.59,​,Q2.62,​,Q2.65,​,Q2.68,​,Q2.71,​,Q2.74,​,Q2.77,​,Q2.80,​,Q2.83,​,Q2.86,​,Q2.89,​,Q2.92,​,Q2.95,​,Q2.98,​,Q2.101,​,Q2.104,​,Q2.107,​,Q2.110,​,Q2.113,​,Q2.116,​,Q2.119,​,Q2.122,​,Q2.125,​,Q2.128,​,Q2.131,​,Q2.134,​,Q2.137,​,Q2.140,​,Q2.143,​,Q2.146,​,Q2.149,​,Q2.152,​,Q2.155,​,Q2.158,​,Q2.161,​,Q2.164,​,Q2.167,​,Q2.170,​,Q2.173,​,Q2.176,​,Q2.179,​,Q2.182,​,Q2.185,​,Q2.188,​,Q2.191,​,Q2.194,​,Q2.197,​,Q2.200,​,Q2.203,​,Q2.206,​,Q2.209,​,Q2.212,​,Q2.215,​,Q2.218,​,Q2.221,​,Q2.224,​,Q2.227,​,Q2.230,​,Q2.233,​,Q2.236,​,Q2.239,​,Code:,Age,Gender,Are you primarily right or left-handed,Are you Deaf or Hard of Hearing?,Q3.2,​,Q3.5,​,Q3.8,​,Q3.11,​,Q3.14,​,Q3.17,​,Q3.20,​,Q3.23,​,Q3.26,​,Q3.29,​,Q3.32,​,Q3.35,​,Q3.38,​,Q3.41,​,Q3.44,​,Q3.47,​,Q3.50,​,Q3.53,​,Q3.56,​,Q3.59,​,Q3.62,​,Q3.65,​,Q3.68,​,Q3.71,​,Q3.74,​,Q3.77,​,Q3.80,​,Q3.83,​,Q3.86,​,Q3.89,​,Q3.92,​,Q3.95,​,Q3.98,​,Q3.101,​,Q3.104,​,Q3.107,​,Q3.110,​,Q3.113,​,Q3.116,​,Q3.119,​,Q3.122,​,Q3.125,​,Q3.128,​,Q3.131,​,Q3.134,​,Q3.137,​,Q3.140,​,Q3.143,​,Q3.146,​,Q3.149,​,Q3.152,​,Q3.155,​,Q3.158,​,Q3.161,​,Q3.164,​,Q3.167,​,Q3.170,​,Q3.173,​,Q3.176,​,Q3.179,​,Q3.182,​,Q3.185,​,Q3.188,​,Q3.191,​,Q3.194,​,Q3.197,​,Q3.200,​,Q3.203,​,Q3.206,​,Q3.209,​,Q3.212,​,Q3.215,​,Q3.218,​,Q3.221,​,Q3.224,​,Q3.227,​,Q3.230,​,Q3.233,​,Q3.236,​,Q3.239,​,Q4.2,​,Q4.5,​,Q4.8,​,Q4.11,​,Q4.14,​,Q4.17,​,Q4.20,​,Q4.23,​,Q4.26,​,Q4.29,​,Q4.32,​,Q4.35,​,Q4.38,​,Q4.41,​,Q4.44,​,Q4.47,​,Q4.50,​,Q4.53,​,Q4.56,​,Q4.59,​,Q4.62,​,Q4.65,​,Q4.68,​,Q4.71,​,Q4.74,​,Q4.77,​,Q4.80,​,Q4.83,​,Q4.86,​,Q4.89,​,Q4.92,​,Q4.95,​,Q4.98,​,Q4.101,​,Q4.104,​,Q4.107,​,Q4.110,​,Q4.113,​,Q4.116,​,Q4.119,​,Q4.122,​,Q4.125,​,Q4.128,​,Q4.131,​,Q4.134,​,Q4.137,​,Q4.140,​,Q4.143,​,Q4.146,​,Q4.149,​,Q4.152,​,Q4.155,​,Q4.158,​,Q4.161,​,Q4.164,​,Q4.167,​,Q4.170,​,Q4.173,​,Q4.176,​,Q4.179,​,Q4.182,​,Q4.185,​,Q4.188,​,Q4.191,​,Q4.194,​,Q4.197,​,Q4.200,​,Q4.203,​,Q4.206,​,Q4.209,​,Q4.212,​,Q4.215,​,Q4.218,​,Q4.221,​,Q4.224,​,Q4.227,​,Q4.230,​,Q4.233,​,Q4.236,​,Q4.239,​
"{""ImportId"":""startDate"",""timeZone"":""America/Denver""}","{""ImportId"":""endDate"",""timeZone"":""America/Denver""}","{""ImportId"":""status""}","{""ImportId"":""ipAddress""}","{""ImportId"":""progress""}","{""ImportId"":""duration""}","{""ImportId"":""finished""}","{""ImportId"":""recordedDate"",""timeZone"":""America/Denver""}","{""ImportId"":""_recordId""}","{""ImportId"":""recipientLastName""}","{""ImportId"":""recipientFirstName""}","{""ImportId"":""recipientEmail""}","{""ImportId"":""externalDataReference""}","{""ImportId"":""locationLatitude""}","{""ImportId"":""locationLongitude""}","{""ImportId"":""distributionChannel""}","{""ImportId"":""userLanguage""}","{""ImportId"":""QID1484""}","{""ImportId"":""QID1244""}","{""ImportId"":""QID1245""}","{""ImportId"":""QID1247""}","{""ImportId"":""QID1248""}","{""ImportId"":""QID1250""}","{""ImportId"":""QID1251""}","{""ImportId"":""QID1253""}","{""ImportId"":""QID1254""}","{""ImportId"":""QID1256""}","{""ImportId"":""QID1257""}","{""ImportId"":""QID1259""}","{""ImportId"":""QID1260""}","{""ImportId"":""QID1262""}","{""ImportId"":""QID1263""}","{""ImportId"":""QID1265""}","{""ImportId"":""QID1266""}","{""ImportId"":""QID1268""}","{""ImportId"":""QID1269""}","{""ImportId"":""QID1271""}","{""ImportId"":""QID1272""}","{""ImportId"":""QID1274""}","{""ImportId"":""QID1275""}","{""ImportId"":""QID1277""}","{""ImportId"":""QID1278""}","{""ImportId"":""QID1280""}","{""ImportId"":""QID1281""}","{""ImportId"":""QID1283""}","{""ImportId"":""QID1284""}","{""ImportId"":""QID1286""}","{""ImportId"":""QID1287""}","{""ImportId"":""QID1289""}","{""ImportId"":""QID1290""}","{""ImportId"":""QID1292""}","{""ImportId"":""QID1293""}","{""ImportId"":""QID1295""}","{""ImportId"":""QID1296""}","{""ImportId"":""QID1298""}","{""ImportId"":""QID1299""}","{""ImportId"":""QID1301""}","{""ImportId"":""QID1302""}","{""ImportId"":""QID1304""}","{""ImportId"":""QID1305""}","{""ImportId"":""QID1307""}","{""ImportId"":""QID1308""}","{""ImportId"":""QID1310""}","{""ImportId"":""QID1311""}","{""ImportId"":""QID1313""}","{""ImportId"":""QID1314""}","{""ImportId"":""QID1316""}","{""ImportId"":""QID1317""}","{""ImportId"":""QID1319""}","{""ImportId"":""QID1320""}","{""ImportId"":""QID1322""}","{""ImportId"":""QID1323""}","{""ImportId"":""QID1325""}","{""ImportId"":""QID1326""}","{""ImportId"":""QID1328""}","{""ImportId"":""QID1329""}","{""ImportId"":""QID1331""}","{""ImportId"":""QID1332""}","{""ImportId"":""QID1334""}","{""ImportId"":""QID1335""}","{""ImportId"":""QID1337""}","{""ImportId"":""QID1338""}","{""ImportId"":""QID1340""}","{""ImportId"":""QID1341""}","{""ImportId"":""QID1343""}","{""ImportId"":""QID1344""}","{""ImportId"":""QID1346""}","{""ImportId"":""QID1347""}","{""ImportId"":""QID1349""}","{""ImportId"":""QID1350""}","{""ImportId"":""QID1352""}","{""ImportId"":""QID1353""}","{""ImportId"":""QID1355""}","{""ImportId"":""QID1356""}","{""ImportId"":""QID1358""}","{""ImportId"":""QID1359""}","{""ImportId"":""QID1361""}","{""ImportId"":""QID1362""}","{""ImportId"":""QID1364""}","{""ImportId"":""QID1365""}","{""ImportId"":""QID1367""}","{""ImportId"":""QID1368""}","{""ImportId"":""QID1370""}","{""ImportId"":""QID1371""}","{""ImportId"":""QID1373""}","{""ImportId"":""QID1374""}","{""ImportId"":""QID1376""}","{""ImportId"":""QID1377""}","{""ImportId"":""QID1379""}","{""ImportId"":""QID1380""}","{""ImportId"":""QID1382""}","{""ImportId"":""QID1383""}","{""ImportId"":""QID1385""}","{""ImportId"":""QID1386""}","{""ImportId"":""QID1388""}","{""ImportId"":""QID1389""}","{""ImportId"":""QID1391""}","{""ImportId"":""QID1392""}","{""ImportId"":""QID1394""}","{""ImportId"":""QID1395""}","{""ImportId"":""QID1397""}","{""ImportId"":""QID1398""}","{""ImportId"":""QID1400""}","{""ImportId"":""QID1401""}","{""ImportId"":""QID1403""}","{""ImportId"":""QID1404""}","{""ImportId"":""QID1406""}","{""ImportId"":""QID1407""}","{""ImportId"":""QID1409""}","{""ImportId"":""QID1410""}","{""ImportId"":""QID1412""}","{""ImportId"":""QID1413""}","{""ImportId"":""QID1415""}","{""ImportId"":""QID1416""}","{""ImportId"":""QID1418""}","{""ImportId"":""QID1419""}","{""ImportId"":""QID1421""}","{""ImportId"":""QID1422""}","{""ImportId"":""QID1424""}","{""ImportId"":""QID1425""}","{""ImportId"":""QID1427""}","{""ImportId"":""QID1428""}","{""ImportId"":""QID1430""}","{""ImportId"":""QID1431""}","{""ImportId"":""QID1433""}","{""ImportId"":""QID1434""}","{""ImportId"":""QID1436""}","{""ImportId"":""QID1437""}","{""ImportId"":""QID1439""}","{""ImportId"":""QID1440""}","{""ImportId"":""QID1442""}","{""ImportId"":""QID1443""}","{""ImportId"":""QID1445""}","{""ImportId"":""QID1446""}","{""ImportId"":""QID1448""}","{""ImportId"":""QID1449""}","{""ImportId"":""QID1451""}","{""ImportId"":""QID1452""}","{""ImportId"":""QID1454""}","{""ImportId"":""QID1455""}","{""ImportId"":""QID1457""}","{""ImportId"":""QID1458""}","{""ImportId"":""QID1460""}","{""ImportId"":""QID1461""}","{""ImportId"":""QID1463""}","{""ImportId"":""QID1464""}","{""ImportId"":""QID1466""}","{""ImportId"":""QID1467""}","{""ImportId"":""QID1469""}","{""ImportId"":""QID1470""}","{""ImportId"":""QID1472""}","{""ImportId"":""QID1473""}","{""ImportId"":""QID1475""}","{""ImportId"":""QID1476""}","{""ImportId"":""QID1478""}","{""ImportId"":""QID1479""}","{""ImportId"":""QID1481""}","{""ImportId"":""QID1482""}","{""ImportId"":""QID1485_TEXT""}","{""ImportId"":""QID1486_TEXT""}","{""ImportId"":""QID1488_TEXT""}","{""ImportId"":""QID1490""}","{""ImportId"":""QID1491_TEXT""}","{""ImportId"":""QID1""}","{""ImportId"":""QID6""}","{""ImportId"":""QID44""}","{""ImportId"":""QID45""}","{""ImportId"":""QID47""}","{""ImportId"":""QID48""}","{""ImportId"":""QID50""}","{""ImportId"":""QID51""}","{""ImportId"":""QID53""}","{""ImportId"":""QID54""}","{""ImportId"":""QID56""}","{""ImportId"":""QID57""}","{""ImportId"":""QID59""}","{""ImportId"":""QID60""}","{""ImportId"":""QID62""}","{""ImportId"":""QID63""}","{""ImportId"":""QID65""}","{""ImportId"":""QID66""}","{""ImportId"":""QID68""}","{""ImportId"":""QID69""}","{""ImportId"":""QID71""}","{""ImportId"":""QID72""}","{""ImportId"":""QID74""}","{""ImportId"":""QID75""}","{""ImportId"":""QID77""}","{""ImportId"":""QID78""}","{""ImportId"":""QID80""}","{""ImportId"":""QID81""}","{""ImportId"":""QID83""}","{""ImportId"":""QID84""}","{""ImportId"":""QID86""}","{""ImportId"":""QID87""}","{""ImportId"":""QID89""}","{""ImportId"":""QID90""}","{""ImportId"":""QID92""}","{""ImportId"":""QID93""}","{""ImportId"":""QID95""}","{""ImportId"":""QID96""}","{""ImportId"":""QID98""}","{""ImportId"":""QID99""}","{""ImportId"":""QID104""}","{""ImportId"":""QID105""}","{""ImportId"":""QID107""}","{""ImportId"":""QID108""}","{""ImportId"":""QID110""}","{""ImportId"":""QID111""}","{""ImportId"":""QID113""}","{""ImportId"":""QID114""}","{""ImportId"":""QID116""}","{""ImportId"":""QID117""}","{""ImportId"":""QID119""}","{""ImportId"":""QID120""}","{""ImportId"":""QID122""}","{""ImportId"":""QID123""}","{""ImportId"":""QID125""}","{""ImportId"":""QID126""}","{""ImportId"":""QID128""}","{""ImportId"":""QID129""}","{""ImportId"":""QID131""}","{""ImportId"":""QID132""}","{""ImportId"":""QID134""}","{""ImportId"":""QID135""}","{""ImportId"":""QID137""}","{""ImportId"":""QID138""}","{""ImportId"":""QID140""}","{""ImportId"":""QID141""}","{""ImportId"":""QID143""}","{""ImportId"":""QID144""}","{""ImportId"":""QID146""}","{""ImportId"":""QID147""}","{""ImportId"":""QID149""}","{""ImportId"":""QID150""}","{""ImportId"":""QID154""}","{""ImportId"":""QID156""}","{""ImportId"":""QID160""}","{""ImportId"":""QID162""}","{""ImportId"":""QID166""}","{""ImportId"":""QID168""}","{""ImportId"":""QID172""}","{""ImportId"":""QID174""}","{""ImportId"":""QID153""}","{""ImportId"":""QID155""}","{""ImportId"":""QID159""}","{""ImportId"":""QID161""}","{""ImportId"":""QID165""}","{""ImportId"":""QID167""}","{""ImportId"":""QID171""}","{""ImportId"":""QID173""}","{""ImportId"":""QID176""}","{""ImportId"":""QID177""}","{""ImportId"":""QID179""}","{""ImportId"":""QID180""}","{""ImportId"":""QID182""}","{""ImportId"":""QID183""}","{""ImportId"":""QID185""}","{""ImportId"":""QID186""}","{""ImportId"":""QID188""}","{""ImportId"":""QID189""}","{""ImportId"":""QID191""}","{""ImportId"":""QID192""}","{""ImportId"":""QID194""}","{""ImportId"":""QID195""}","{""ImportId"":""QID197""}","{""ImportId"":""QID198""}","{""ImportId"":""QID200""}","{""ImportId"":""QID201""}","{""ImportId"":""QID203""}","{""ImportId"":""QID204""}","{""ImportId"":""QID206""}","{""ImportId"":""QID207""}","{""ImportId"":""QID209""}","{""ImportId"":""QID210""}","{""ImportId"":""QID212""}","{""ImportId"":""QID213""}","{""ImportId"":""QID215""}","{""ImportId"":""QID216""}","{""ImportId"":""QID218""}","{""ImportId"":""QID219""}","{""ImportId"":""QID221""}","{""ImportId"":""QID222""}","{""ImportId"":""QID224""}","{""ImportId"":""QID225""}","{""ImportId"":""QID227""}","{""ImportId"":""QID228""}","{""ImportId"":""QID230""}","{""ImportId"":""QID231""}","{""ImportId"":""QID233""}","{""ImportId"":""QID234""}","{""ImportId"":""QID236""}","{""ImportId"":""QID237""}","{""ImportId"":""QID239""}","{""ImportId"":""QID240""}","{""ImportId"":""QID242""}","{""ImportId"":""QID243""}","{""ImportId"":""QID245""}","{""ImportId"":""QID246""}","{""ImportId"":""QID248""}","{""ImportId"":""QID249""}","{""ImportId"":""QID251""}","{""ImportId"":""QID252""}","{""ImportId"":""QID254""}","{""ImportId"":""QID255""}","{""ImportId"":""QID257""}","{""ImportId"":""QID258""}","{""ImportId"":""QID260""}","{""ImportId"":""QID261""}","{""ImportId"":""QID263""}","{""ImportId"":""QID264""}","{""ImportId"":""QID266""}","{""ImportId"":""QID267""}","{""ImportId"":""QID269""}","{""ImportId"":""QID270""}","{""ImportId"":""QID272""}","{""ImportId"":""QID273""}","{""ImportId"":""QID275""}","{""ImportId"":""QID276""}","{""ImportId"":""QID278""}","{""ImportId"":""QID279""}","{""ImportId"":""QID281""}","{""ImportId"":""QID282""}","{""ImportId"":""QID764""}","{""ImportId"":""QID765""}","{""ImportId"":""QID767""}","{""ImportId"":""QID768""}","{""ImportId"":""QID770""}","{""ImportId"":""QID771""}","{""ImportId"":""QID773""}","{""ImportId"":""QID774""}","{""ImportId"":""QID776""}","{""ImportId"":""QID777""}","{""ImportId"":""QID779""}","{""ImportId"":""QID780""}","{""ImportId"":""QID782""}","{""ImportId"":""QID783""}","{""ImportId"":""QID785""}","{""ImportId"":""QID786""}","{""ImportId"":""QID788""}","{""ImportId"":""QID789""}","{""ImportId"":""QID791""}","{""ImportId"":""QID792""}","{""ImportId"":""QID794""}","{""ImportId"":""QID795""}","{""ImportId"":""QID797""}","{""ImportId"":""QID798""}","{""ImportId"":""QID800""}","{""ImportId"":""QID801""}","{""ImportId"":""QID803""}","{""ImportId"":""QID804""}","{""ImportId"":""QID806""}","{""ImportId"":""QID807""}","{""ImportId"":""QID809""}","{""ImportId"":""QID810""}","{""ImportId"":""QID812""}","{""ImportId"":""QID813""}","{""ImportId"":""QID815""}","{""ImportId"":""QID816""}","{""ImportId"":""QID818""}","{""ImportId"":""QID819""}","{""ImportId"":""QID821""}","{""ImportId"":""QID822""}","{""ImportId"":""QID824""}","{""ImportId"":""QID825""}","{""ImportId"":""QID827""}","{""ImportId"":""QID828""}","{""ImportId"":""QID830""}","{""ImportId"":""QID831""}","{""ImportId"":""QID833""}","{""ImportId"":""QID834""}","{""ImportId"":""QID836""}","{""ImportId"":""QID837""}","{""ImportId"":""QID839""}","{""ImportId"":""QID840""}","{""ImportId"":""QID842""}","{""ImportId"":""QID843""}","{""ImportId"":""QID845""}","{""ImportId"":""QID846""}","{""ImportId"":""QID848""}","{""ImportId"":""QID849""}","{""ImportId"":""QID851""}","{""ImportId"":""QID852""}","{""ImportId"":""QID854""}","{""ImportId"":""QID855""}","{""ImportId"":""QID857""}","{""ImportId"":""QID858""}","{""ImportId"":""QID860""}","{""ImportId"":""QID861""}","{""ImportId"":""QID863""}","{""ImportId"":""QID864""}","{""ImportId"":""QID866""}","{""ImportId"":""QID867""}","{""ImportId"":""QID869""}","{""ImportId"":""QID870""}","{""ImportId"":""QID872""}","{""ImportId"":""QID873""}","{""ImportId"":""QID875""}","{""ImportId"":""QID876""}","{""ImportId"":""QID878""}","{""ImportId"":""QID879""}","{""ImportId"":""QID881""}","{""ImportId"":""QID882""}","{""ImportId"":""QID884""}","{""ImportId"":""QID885""}","{""ImportId"":""QID887""}","{""ImportId"":""QID888""}","{""ImportId"":""QID890""}","{""ImportId"":""QID891""}","{""ImportId"":""QID893""}","{""ImportId"":""QID894""}","{""ImportId"":""QID896""}","{""ImportId"":""QID897""}","{""ImportId"":""QID899""}","{""ImportId"":""QID900""}","{""ImportId"":""QID902""}","{""ImportId"":""QID903""}","{""ImportId"":""QID905""}","{""ImportId"":""QID906""}","{""ImportId"":""QID908""}","{""ImportId"":""QID909""}","{""ImportId"":""QID911""}","{""ImportId"":""QID912""}","{""ImportId"":""QID914""}","{""ImportId"":""QID915""}","{""ImportId"":""QID917""}","{""ImportId"":""QID918""}","{""ImportId"":""QID920""}","{""ImportId"":""QID921""}","{""ImportId"":""QID923""}","{""ImportId"":""QID924""}","{""ImportId"":""QID926""}","{""ImportId"":""QID927""}","{""ImportId"":""QID929""}","{""ImportId"":""QID930""}","{""ImportId"":""QID932""}","{""ImportId"":""QID933""}","{""ImportId"":""QID935""}","{""ImportId"":""QID936""}","{""ImportId"":""QID938""}","{""ImportId"":""QID939""}","{""ImportId"":""QID941""}","{""ImportId"":""QID942""}","{""ImportId"":""QID944""}","{""ImportId"":""QID945""}","{""ImportId"":""QID947""}","{""ImportId"":""QID948""}","{""ImportId"":""QID950""}","{""ImportId"":""QID951""}","{""ImportId"":""QID953""}","{""ImportId"":""QID954""}","{""ImportId"":""QID956""}","{""ImportId"":""QID957""}","{""ImportId"":""QID959""}","{""ImportId"":""QID960""}","{""ImportId"":""QID962""}","{""ImportId"":""QID963""}","{""ImportId"":""QID965""}","{""ImportId"":""QID966""}","{""ImportId"":""QID968""}","{""ImportId"":""QID969""}","{""ImportId"":""QID971""}","{""ImportId"":""QID972""}","{""ImportId"":""QID974""}","{""ImportId"":""QID975""}","{""ImportId"":""QID977""}","{""ImportId"":""QID978""}","{""ImportId"":""QID980""}","{""ImportId"":""QID981""}","{""ImportId"":""QID983""}","{""ImportId"":""QID984""}","{""ImportId"":""QID986""}","{""ImportId"":""QID987""}","{""ImportId"":""QID989""}","{""ImportId"":""QID990""}","{""ImportId"":""QID992""}","{""ImportId"":""QID993""}","{""ImportId"":""QID995""}","{""ImportId"":""QID996""}","{""ImportId"":""QID998""}","{""ImportId"":""QID999""}","{""ImportId"":""QID1001""}","{""ImportId"":""QID1002""}"
2019-03-25 11:25:27,2019-03-25 11:33:50,IP Address,129.21.181.111,100,502,True,2019-03-25 11:33:51,R_3EW5zwajYiwxMxw,,,,,43.0800933837890625,-77.6342010498046875,anonymous,EN,Pilot A,9,7,3,4,3,8,4,9,5,8,4,5,3,4,2,7,5,9,3,7,5,9,1,1,5,9,3,3,5,6,5,9,2,2,4,8,3,9,6,9,4,7,5,9,3,3,5,9,3,7,5,9,5,9,5,9,1,1,5,7,3,8,5,9,3,7,5,9,6,8,7,7,3,7,5,9,4,9,8,3,1,3,4,8,4,8,6,7,4,9,5,9,2,3,4,7,6,8,4,8,7,5,5,9,3,7,4,9,7,7,1,5,8,5,4,9,8,3,4,7,5,5,7,5,7,8,5,5,5,9,5,9,5,7,5,7,4,8,5,5,6,6,6,8,4,9,5,6,5,9,9,5,5,7,5,7,5,9,5,5,pilota0325,22,Female,Right-handed,No,,,,,,,,,,,,,,,,,,,,,,,,,,,,,,,,,,,,,,,,,,,,,,,,,,,,,,,,,,,,,,,,,,,,,,,,,,,,,,,,,,,,,,,,,,,,,,,,,,,,,,,,,,,,,,,,,,,,,,,,,,,,,,,,,,,,,,,,,,,,,,,,,,,,,,,,,,,,,,,,,,,,,,,,,,,,,,,,,,,,,,,,,,,,,,,,,,,,,,,,,,,,,,,,,,,,,,,,,,,,,,,,,,,,,,,,,,,,,,,,,,,,,,,,,,,,,,,,,,,,,,,,,,,,,,,,,,,,,,,,,,,,,,,,,,,,,,,,,,,,,,,,,,,,,,,,,,,,,,,,
2019-03-25 12:17:02,2019-03-25 12:27:01,IP Address,129.21.181.111,100,599,True,2019-03-25 12:27:02,R_3ERVfpH4IjhZjm0,,,,,43.0800933837890625,-77.6342010498046875,anonymous,EN,3,,,,,,,,,,,,,,,,,,,,,,,,,,,,,,,,,,,,,,,,,,,,,,,,,,,,,,,,,,,,,,,,,,,,,,,,,,,,,,,,,,,,,,,,,,,,,,,,,,,,,,,,,,,,,,,,,,,,,,,,,,,,,,,,,,,,,,,,,,,,,,,,,,,,,,,,,,,,,,,,,PA0325,19,Female,Right-handed,No,7,4,4,7,3,8,2,5,5,9,3,8,5,5,4,5,6,7,4,6,3,4,3,7,7,7,4,8,4,5,5,9,3,7,2,5,2,7,8,4,4,6,2,4,4,7,5,9,2,7,3,6,6,6,5,9,4,7,5,9,3,7,3,6,6,5,3,6,3,7,6,5,3,7,2,5,4,8,5,9,2,7,6,6,3,4,2,5,4,6,5,9,3,5,4,6,3,7,5,8,3,6,4,4,5,9,3,7,7,6,3,5,6,8,4,7,2,7,6,7,4,8,7,7,6,9,6,5,5,5,5,6,5,6,7,4,4,4,5,6,6,3,8,3,4,4,7,3,6,6,6,4,7,4,5,5,5,4,6,4,,,,,,,,,,,,,,,,,,,,,,,,,,,,,,,,,,,,,,,,,,,,,,,,,,,,,,,,,,,,,,,,,,,,,,,,,,,,,,,,,,,,,,,,,,,,,,,,,,,,,,,,,,,,,,,,,,,,,,,,,,,,,,,,,,,,,,,,,,,,,,,,,,,,,,,,,,,,,,,,
2019-03-26 09:27:35,2019-03-26 09:36:00,IP Address,129.21.181.178,100,505,True,2019-03-26 09:36:01,R_2D80RxVdpvua6Ds,,,,,43.0800933837890625,-77.6342010498046875,anonymous,EN,Pilot B,9,9,1,1,5,5,1,1,5,5,3,1,1,1,1,1,5,9,1,1,5,1,1,1,9,5,1,1,1,3,1,3,1,9,3,1,5,1,9,1,9,1,1,9,3,1,5,1,9,1,5,1,1,9,5,1,5,9,1,5,1,1,5,9,9,1,1,1,1,9,5,9,1,9,1,9,1,1,5,9,1,1,1,9,1,1,5,9,1,1,1,9,1,9,1,9,1,1,1,9,9,1,1,1,1,1,5,1,9,1,1,9,1,1,5,9,1,1,9,1,1,1,1,9,5,1,1,1,1,1,1,9,1,1,9,1,9,1,3,9,9,1,9,9,5,9,5,1,5,1,5,1,1,5,5,5,1,5,1,1,pilotb0326,22,female,Left-handed,no,,,,,,,,,,,,,,,,,,,,,,,,,,,,,,,,,,,,,,,,,,,,,,,,,,,,,,,,,,,,,,,,,,,,,,,,,,,,,,,,,,,,,,,,,,,,,,,,,,,,,,,,,,,,,,,,,,,,,,,,,,,,,,,,,,,,,,,,,,,,,,,,,,,,,,,,,,,,,,,,,,,,,,,,,,,,,,,,,,,,,,,,,,,,,,,,,,,,,,,,,,,,,,,,,,,,,,,,,,,,,,,,,,,,,,,,,,,,,,,,,,,,,,,,,,,,,,,,,,,,,,,,,,,,,,,,,,,,,,,,,,,,,,,,,,,,,,,,,,,,,,,,,,,,,,,,,,,,,,,,
2019-03-28 09:31:08,2019-03-28 09:40:47,IP Address,129.21.181.118,100,579,True,2019-03-28 09:40:48,R_2WwLT5rHS4wb0MR,,,,,43.0800933837890625,-77.6342010498046875,anonymous,EN,4,,,,,,,,,,,,,,,,,,,,,,,,,,,,,,,,,,,,,,,,,,,,,,,,,,,,,,,,,,,,,,,,,,,,,,,,,,,,,,,,,,,,,,,,,,,,,,,,,,,,,,,,,,,,,,,,,,,,,,,,,,,,,,,,,,,,,,,,,,,,,,,,,,,,,,,,,,,,,,,,,pb0326,30,Male,Right-handed,No,7,3,3,9,3,7,3,9,5,7,3,9,3,5,3,7,5,5,5,7,3,9,3,5,5,3,3,7,3,7,5,9,3,7,3,5,3,7,7,9,3,3,1,3,5,9,5,7,5,9,7,5,5,9,3,5,3,3,3,1,3,9,3,3,5,9,3,5,3,9,5,9,3,5,1,1,3,9,5,9,3,5,5,5,1,9,1,1,1,1,5,5,3,7,5,9,3,3,5,3,1,1,3,3,5,9,3,3,5,3,3,9,5,5,5,3,3,7,1,3,3,1,5,3,7,5,5,5,3,5,5,9,3,7,5,5,3,5,7,5,7,7,9,3,3,5,5,3,9,3,5,9,3,3,5,9,7,5,7,1,,,,,,,,,,,,,,,,,,,,,,,,,,,,,,,,,,,,,,,,,,,,,,,,,,,,,,,,,,,,,,,,,,,,,,,,,,,,,,,,,,,,,,,,,,,,,,,,,,,,,,,,,,,,,,,,,,,,,,,,,,,,,,,,,,,,,,,,,,,,,,,,,,,,,,,,,,,,,,,,
2019-03-29 11:36:24,2019-03-29 11:44:50,IP Address,129.21.181.145,100,505,True,2019-03-29 11:44:51,R_1od0IkHWOV7xDUW,,,,,43.0800933837890625,-77.6342010498046875,anonymous,EN,Pilot A,7,3,3,5,1,3,3,7,5,5,3,7,3,7,3,7,5,7,1,7,5,9,3,5,5,7,3,9,5,7,5,9,3,7,9,9,1,3,7,7,3,7,3,7,3,5,5,9,5,7,3,7,3,7,9,3,5,7,5,9,3,7,1,5,3,7,2,6,5,9,5,9,3,7,4,7,3,7,7,7,1,3,5,8,3,7,5,8,3,8,7,8,3,8,2,7,7,8,3,8,7,8,3,7,3,8,3,7,9,3,5,8,7,8,3,5,9,3,4,8,7,8,7,9,7,9,7,7,5,9,5,9,5,7,5,9,3,8,7,6,5,8,8,7,3,7,3,7,7,8,5,9,5,9,5,9,5,9,5,8,pilota0329,21,female,Right-handed,no,,,,,,,,,,,,,,,,,,,,,,,,,,,,,,,,,,,,,,,,,,,,,,,,,,,,,,,,,,,,,,,,,,,,,,,,,,,,,,,,,,,,,,,,,,,,,,,,,,,,,,,,,,,,,,,,,,,,,,,,,,,,,,,,,,,,,,,,,,,,,,,,,,,,,,,,,,,,,,,,,,,,,,,,,,,,,,,,,,,,,,,,,,,,,,,,,,,,,,,,,,,,,,,,,,,,,,,,,,,,,,,,,,,,,,,,,,,,,,,,,,,,,,,,,,,,,,,,,,,,,,,,,,,,,,,,,,,,,,,,,,,,,,,,,,,,,,,,,,,,,,,,,,,,,,,,,,,,,,,,
2019-03-29 12:30:20,2019-03-29 12:41:35,IP Address,129.21.181.145,100,675,True,2019-03-29 12:41:36,R_1mQIITw0fxeZiua,,,,,43.0800933837890625,-77.6342010498046875,anonymous,EN,3,,,,,,,,,,,,,,,,,,,,,,,,,,,,,,,,,,,,,,,,,,,,,,,,,,,,,,,,,,,,,,,,,,,,,,,,,,,,,,,,,,,,,,,,,,,,,,,,,,,,,,,,,,,,,,,,,,,,,,,,,,,,,,,,,,,,,,,,,,,,,,,,,,,,,,,,,,,,,,,,,pa0329,20,Male,Right-handed,No,6,5,1,7,3,5,1,3,5,5,3,6,3,8,3,4,5,5,3,4,3,4,1,3,7,5,3,5,5,5,5,5,3,7,3,5,1,3,7,3,4,5,2,3,4,5,5,9,1,2,5,1,5,9,3,5,3,1,5,1,2,8,4,4,7,6,3,3,5,3,8,4,5,5,3,2,2,7,5,5,1,3,5,5,3,5,1,3,2,3,6,4,3,5,7,4,3,4,6,5,4,2,2,4,5,6,2,2,8,1,3,4,5,7,4,6,2,3,5,3,7,4,8,3,7,6,3,5,5,8,5,9,5,8,7,3,4,5,5,8,7,3,9,3,4,7,7,3,6,5,7,3,6,3,5,9,7,3,8,2,,,,,,,,,,,,,,,,,,,,,,,,,,,,,,,,,,,,,,,,,,,,,,,,,,,,,,,,,,,,,,,,,,,,,,,,,,,,,,,,,,,,,,,,,,,,,,,,,,,,,,,,,,,,,,,,,,,,,,,,,,,,,,,,,,,,,,,,,,,,,,,,,,,,,,,,,,,,,,,,
2019-04-01 11:35:50,2019-04-01 11:49:12,IP Address,129.21.181.246,100,801,True,2019-04-01 11:49:14,R_2R331XG54a9A5Qc,,,,,43.0800933837890625,-77.6342010498046875,anonymous,EN,Pilot B,7,3,1,1,1,7,1,7,5,7,1,2,1,5,1,5,5,5,3,6,3,7,1,1,9,3,1,1,1,1,3,4,1,1,1,5,2,4,9,5,2,3,2,3,2,2,5,7,3,7,3,6,3,7,5,5,1,1,5,5,2,4,3,5,2,3,1,3,5,7,7,8,1,6,2,3,3,8,5,5,1,1,4,6,2,3,5,9,3,7,5,5,2,3,3,5,5,1,1,3,7,4,1,3,1,1,2,3,5,9,1,1,7,3,7,2,6,3,4,4,6,4,7,3,7,7,4,5,5,7,3,6,4,7,6,4,4,5,5,6,6,4,9,3,3,5,4,4,6,7,8,4,6,5,5,7,7,5,6,5,pilotb0401,21,male,Right-handed,no,,,,,,,,,,,,,,,,,,,,,,,,,,,,,,,,,,,,,,,,,,,,,,,,,,,,,,,,,,,,,,,,,,,,,,,,,,,,,,,,,,,,,,,,,,,,,,,,,,,,,,,,,,,,,,,,,,,,,,,,,,,,,,,,,,,,,,,,,,,,,,,,,,,,,,,,,,,,,,,,,,,,,,,,,,,,,,,,,,,,,,,,,,,,,,,,,,,,,,,,,,,,,,,,,,,,,,,,,,,,,,,,,,,,,,,,,,,,,,,,,,,,,,,,,,,,,,,,,,,,,,,,,,,,,,,,,,,,,,,,,,,,,,,,,,,,,,,,,,,,,,,,,,,,,,,,,,,,,,,,
2019-04-01 12:31:10,2019-04-01 12:40:19,IP Address,129.21.181.246,100,548,True,2019-04-01 12:40:20,R_29ifglisXUHzlCc,,,,,43.0800933837890625,-77.6342010498046875,anonymous,EN,4,,,,,,,,,,,,,,,,,,,,,,,,,,,,,,,,,,,,,,,,,,,,,,,,,,,,,,,,,,,,,,,,,,,,,,,,,,,,,,,,,,,,,,,,,,,,,,,,,,,,,,,,,,,,,,,,,,,,,,,,,,,,,,,,,,,,,,,,,,,,,,,,,,,,,,,,,,,,,,,,,pilotb0402,21,Female,Right-handed,No,9,2,3,7,2,6,1,2,5,8,3,8,3,9,1,4,5,9,3,3,1,2,2,5,9,3,5,8,3,6,5,9,2,4,1,2,3,5,7,2,4,7,2,5,3,6,5,8,2,3,3,7,6,6,3,9,4,2,4,7,3,5,4,3,5,9,4,6,2,4,6,5,3,2,4,2,3,8,6,9,1,7,5,8,4,8,3,5,4,8,5,9,2,6,6,7,2,6,7,8,2,3,2,5,8,4,2,7,7,3,3,8,6,9,5,6,2,6,4,6,5,5,7,5,5,9,4,9,8,7,5,9,5,6,8,5,4,5,5,8,7,9,9,2,5,7,4,9,7,9,6,9,7,6,5,9,5,8,6,8,,,,,,,,,,,,,,,,,,,,,,,,,,,,,,,,,,,,,,,,,,,,,,,,,,,,,,,,,,,,,,,,,,,,,,,,,,,,,,,,,,,,,,,,,,,,,,,,,,,,,,,,,,,,,,,,,,,,,,,,,,,,,,,,,,,,,,,,,,,,,,,,,,,,,,,,,,,,,,,,
2019-04-02 09:42:41,2019-04-02 09:53:49,IP Address,129.21.181.246,100,668,True,2019-04-02 09:53:50,R_erq9CF7mbJNtEit,,,,,43.0800933837890625,-77.6342010498046875,anonymous,EN,Pilot A,5,3,3,3,5,5,5,5,5,5,5,5,4,4,4,4,5,5,5,5,5,5,5,5,7,7,3,5,5,5,5,5,2,2,2,5,5,5,5,5,5,5,5,5,3,1,5,5,5,5,5,5,5,5,5,5,5,1,5,1,1,2,5,5,1,5,5,5,5,5,5,5,5,5,5,5,5,5,5,5,5,5,5,5,5,5,7,5,3,5,5,1,1,3,4,4,5,1,2,3,7,9,3,5,1,1,5,3,5,5,1,3,5,1,5,5,5,5,5,5,5,5,5,5,5,5,5,5,5,5,5,5,5,5,5,1,5,5,5,5,5,5,7,5,5,5,6,5,5,5,5,5,5,5,5,5,5,5,5,5,pilota0402,23,female,Right-handed,no,,,,,,,,,,,,,,,,,,,,,,,,,,,,,,,,,,,,,,,,,,,,,,,,,,,,,,,,,,,,,,,,,,,,,,,,,,,,,,,,,,,,,,,,,,,,,,,,,,,,,,,,,,,,,,,,,,,,,,,,,,,,,,,,,,,,,,,,,,,,,,,,,,,,,,,,,,,,,,,,,,,,,,,,,,,,,,,,,,,,,,,,,,,,,,,,,,,,,,,,,,,,,,,,,,,,,,,,,,,,,,,,,,,,,,,,,,,,,,,,,,,,,,,,,,,,,,,,,,,,,,,,,,,,,,,,,,,,,,,,,,,,,,,,,,,,,,,,,,,,,,,,,,,,,,,,,,,,,,,,
2019-04-04 08:27:24,2019-04-04 08:46:14,IP Address,129.21.181.246,100,1130,True,2019-04-04 08:46:15,R_wLysUhjy2TbZuet,,,,,43.0800933837890625,-77.6342010498046875,anonymous,EN,3,,,,,,,,,,,,,,,,,,,,,,,,,,,,,,,,,,,,,,,,,,,,,,,,,,,,,,,,,,,,,,,,,,,,,,,,,,,,,,,,,,,,,,,,,,,,,,,,,,,,,,,,,,,,,,,,,,,,,,,,,,,,,,,,,,,,,,,,,,,,,,,,,,,,,,,,,,,,,,,,,pa0402,21,Female,Right-handed,hard of hearing,5,7,3,8,3,6,1,1,6,6,3,4,3,3,3,4,6,6,3,4,3,4,3,3,7,6,3,5,5,6,5,7,3,3,3,3,1,1,8,4,3,6,3,5,5,7,5,5,1,1,3,3,5,5,4,5,4,3,5,5,3,8,2,3,6,6,3,3,5,5,5,5,3,4,1,1,4,6,5,5,1,2,7,4,3,6,1,2,3,3,5,5,4,4,4,5,3,3,6,6,3,3,1,2,5,7,1,1,8,6,5,5,7,3,3,3,3,2,3,4,5,5,6,6,5,5,5,5,5,5,5,5,5,7,5,5,5,4,5,4,6,3,7,3,4,4,6,4,5,5,5,5,5,5,5,5,5,4,6,4,,,,,,,,,,,,,,,,,,,,,,,,,,,,,,,,,,,,,,,,,,,,,,,,,,,,,,,,,,,,,,,,,,,,,,,,,,,,,,,,,,,,,,,,,,,,,,,,,,,,,,,,,,,,,,,,,,,,,,,,,,,,,,,,,,,,,,,,,,,,,,,,,,,,,,,,,,,,,,,,
2019-04-04 09:29:48,2019-04-04 09:41:12,IP Address,129.21.181.246,100,683,True,2019-04-04 09:41:12,R_2rG86Iy4LGwbmvZ,,,,,43.0800933837890625,-77.6342010498046875,anonymous,EN,Pilot B,9,1,1,9,3,9,1,9,5,5,1,9,1,9,1,8,5,6,3,9,1,7,1,8,9,9,1,9,1,9,1,9,1,9,1,9,1,9,7,7,1,9,1,9,1,9,5,5,1,9,1,8,1,9,5,6,1,5,5,6,1,9,3,9,1,9,1,9,5,5,5,6,3,6,1,9,1,9,5,6,1,9,1,9,1,9,9,3,3,9,5,6,1,8,1,9,9,1,1,9,5,9,1,9,5,8,1,9,5,9,3,9,7,8,1,9,5,6,6,6,5,5,7,8,5,5,5,6,5,6,5,6,3,9,5,8,5,8,5,8,9,5,6,6,2,9,6,6,5,6,5,7,5,6,5,9,9,9,5,6,pilotb0404,21,Female,Right-handed,Neither,,,,,,,,,,,,,,,,,,,,,,,,,,,,,,,,,,,,,,,,,,,,,,,,,,,,,,,,,,,,,,,,,,,,,,,,,,,,,,,,,,,,,,,,,,,,,,,,,,,,,,,,,,,,,,,,,,,,,,,,,,,,,,,,,,,,,,,,,,,,,,,,,,,,,,,,,,,,,,,,,,,,,,,,,,,,,,,,,,,,,,,,,,,,,,,,,,,,,,,,,,,,,,,,,,,,,,,,,,,,,,,,,,,,,,,,,,,,,,,,,,,,,,,,,,,,,,,,,,,,,,,,,,,,,,,,,,,,,,,,,,,,,,,,,,,,,,,,,,,,,,,,,,,,,,,,,,,,,,,,
2019-04-05 12:31:21,2019-04-05 12:41:34,IP Address,129.21.181.229,100,613,True,2019-04-05 12:41:35,R_2z7RgjCyAhAPV1p,,,,,43.0800933837890625,-77.6342010498046875,anonymous,EN,4,,,,,,,,,,,,,,,,,,,,,,,,,,,,,,,,,,,,,,,,,,,,,,,,,,,,,,,,,,,,,,,,,,,,,,,,,,,,,,,,,,,,,,,,,,,,,,,,,,,,,,,,,,,,,,,,,,,,,,,,,,,,,,,,,,,,,,,,,,,,,,,,,,,,,,,,,,,,,,,,,pb0405,20,Male,Right-handed,No,7,3,3,7,2,7,1,5,7,3,3,8,3,5,3,7,6,3,3,8,3,5,3,4,6,3,6,4,4,5,4,3,3,7,3,5,3,2,8,2,4,9,3,3,4,7,5,5,3,3,3,4,5,4,3,3,3,3,6,3,3,9,3,2,7,2,3,5,4,5,7,5,3,5,3,3,3,7,5,4,2,5,7,7,3,7,2,2,3,3,7,3,3,5,6,3,3,3,7,4,1,2,3,2,6,6,2,4,7,1,4,6,5,4,6,4,3,2,4,4,6,3,6,3,7,5,4,5,5,5,4,5,3,6,7,3,4,6,5,3,6,3,9,2,3,5,7,3,6,5,8,5,7,5,5,4,7,3,6,2,,,,,,,,,,,,,,,,,,,,,,,,,,,,,,,,,,,,,,,,,,,,,,,,,,,,,,,,,,,,,,,,,,,,,,,,,,,,,,,,,,,,,,,,,,,,,,,,,,,,,,,,,,,,,,,,,,,,,,,,,,,,,,,,,,,,,,,,,,,,,,,,,,,,,,,,,,,,,,,,
2019-04-15 12:22:13,2019-04-15 12:31:46,IP Address,129.21.181.221,100,572,True,2019-04-15 12:31:47,R_RRIVSS0DtTbyy5z,,,,,43.0800933837890625,-77.6342010498046875,anonymous,EN,NA,,,,,,,,,,,,,,,,,,,,,,,,,,,,,,,,,,,,,,,,,,,,,,,,,,,,,,,,,,,,,,,,,,,,,,,,,,,,,,,,,,,,,,,,,,,,,,,,,,,,,,,,,,,,,,,,,,,,,,,,,,,,,,,,,,,,,,,,,,,,,,,,,,,,,,,,,,,,,,,,,na0415,19,Male,Right-handed,No,,,,,,,,,,,,,,,,,,,,,,,,,,,,,,,,,,,,,,,,,,,,,,,,,,,,,,,,,,,,,,,,,,,,,,,,,,,,,,,,,,,,,,,,,,,,,,,,,,,,,,,,,,,,,,,,,,,,,,,,,,,,,,,,,,,,,,,,,,,,,,,,,,,,,,,,,,,,,,,,,7,3,9,1,9,1,9,1,5,5,9,9,5,2,9,5,5,5,7,5,7,7,7,3,7,3,7,3,9,1,5,5,9,1,9,3,7,3,5,3,5,3,7,1,5,3,5,5,9,3,7,4,5,5,3,3,7,2,7,7,5,5,5,5,3,9,7,7,9,1,5,3,6,4,7,1,5,5,9,4,7,3,9,1,9,1,7,3,9,1,5,1,9,1,9,1,6,5,7,3,5,5,7,7,7,5,7,4,9,9,5,5,7,3,9,7,9,1,9,7,5,5,5,3,5,3,3,3,5,3,3,5,5,3,5,5,5,7,9,1,9,1,9,1,5,7,5,3,9,7,9,1,5,7,5,3,1,5,7,1
2019-04-16 10:52:49,2019-04-16 11:03:35,IP Address,129.21.181.116,100,645,True,2019-04-16 11:03:37,R_OeYy3ekq018IhS9,,,,,43.0800933837890625,-77.6342010498046875,anonymous,EN,NB,,,,,,,,,,,,,,,,,,,,,,,,,,,,,,,,,,,,,,,,,,,,,,,,,,,,,,,,,,,,,,,,,,,,,,,,,,,,,,,,,,,,,,,,,,,,,,,,,,,,,,,,,,,,,,,,,,,,,,,,,,,,,,,,,,,,,,,,,,,,,,,,,,,,,,,,,,,,,,,,,nb0416,18,male,Right-handed,no,,,,,,,,,,,,,,,,,,,,,,,,,,,,,,,,,,,,,,,,,,,,,,,,,,,,,,,,,,,,,,,,,,,,,,,,,,,,,,,,,,,,,,,,,,,,,,,,,,,,,,,,,,,,,,,,,,,,,,,,,,,,,,,,,,,,,,,,,,,,,,,,,,,,,,,,,,,,,,,,,7,8,5,7,9,6,9,5,5,5,9,8,9,1,7,1,5,8,9,9,9,6,7,3,7,5,8,3,9,7,5,9,9,5,9,4,9,3,7,8,9,3,7,8,9,7,5,9,5,5,6,9,7,5,5,5,7,3,9,3,5,9,7,6,5,9,9,8,7,1,9,8,5,9,7,6,5,9,7,5,5,9,9,5,9,3,5,9,7,6,5,5,7,5,9,2,7,9,6,8,6,8,7,9,7,4,5,6,7,5,5,9,7,7,7,2,5,8,9,6,5,9,5,9,6,8,5,5,5,7,4,9,5,9,7,7,5,9,3,9,7,6,9,5,3,9,6,7,5,9,9,3,5,9,5,9,7,9,5,9
2019-04-16 12:23:13,2019-04-16 12:34:59,IP Address,129.21.181.116,100,706,True,2019-04-16 12:35:00,R_1Q6mZ4SbB5TWc80,,,,,43.0800933837890625,-77.6342010498046875,anonymous,EN,NA,,,,,,,,,,,,,,,,,,,,,,,,,,,,,,,,,,,,,,,,,,,,,,,,,,,,,,,,,,,,,,,,,,,,,,,,,,,,,,,,,,,,,,,,,,,,,,,,,,,,,,,,,,,,,,,,,,,,,,,,,,,,,,,,,,,,,,,,,,,,,,,,,,,,,,,,,,,,,,,,,na0416,21,male,Right-handed,n/a,,,,,,,,,,,,,,,,,,,,,,,,,,,,,,,,,,,,,,,,,,,,,,,,,,,,,,,,,,,,,,,,,,,,,,,,,,,,,,,,,,,,,,,,,,,,,,,,,,,,,,,,,,,,,,,,,,,,,,,,,,,,,,,,,,,,,,,,,,,,,,,,,,,,,,,,,,,,,,,,,5,4,8,2,9,4,9,5,5,5,9,1,6,6,7,1,5,5,7,7,9,3,7,2,7,4,6,3,9,3,5,5,9,1,9,3,7,3,9,1,6,3,5,3,7,3,5,5,7,3,9,5,5,5,9,5,9,4,9,1,6,4,6,6,5,5,7,5,7,2,5,5,5,5,5,4,1,5,9,3,7,3,9,1,5,4,3,3,9,3,5,4,6,2,9,1,9,9,9,4,5,5,7,4,5,5,3,4,6,1,5,5,7,5,9,1,7,5,9,5,5,5,4,5,5,5,5,5,5,5,5,5,3,4,5,5,4,3,5,5,5,5,9,5,5,5,5,5,5,9,5,5,5,5,5,5,5,3,7,1
2019-04-18 11:04:24,2019-04-18 11:18:07,IP Address,129.21.181.111,100,822,True,2019-04-18 11:18:08,R_2ZTQMxZESpUj2CG,,,,,43.0800933837890625,-77.6342010498046875,anonymous,EN,NB,,,,,,,,,,,,,,,,,,,,,,,,,,,,,,,,,,,,,,,,,,,,,,,,,,,,,,,,,,,,,,,,,,,,,,,,,,,,,,,,,,,,,,,,,,,,,,,,,,,,,,,,,,,,,,,,,,,,,,,,,,,,,,,,,,,,,,,,,,,,,,,,,,,,,,,,,,,,,,,,,nb0418,19,male,Right-handed,no,,,,,,,,,,,,,,,,,,,,,,,,,,,,,,,,,,,,,,,,,,,,,,,,,,,,,,,,,,,,,,,,,,,,,,,,,,,,,,,,,,,,,,,,,,,,,,,,,,,,,,,,,,,,,,,,,,,,,,,,,,,,,,,,,,,,,,,,,,,,,,,,,,,,,,,,,,,,,,,,,8,4,8,3,9,2,7,7,5,4,8,6,7,2,9,3,5,4,7,7,9,6,7,3,6,5,7,3,8,3,5,8,7,3,7,6,7,4,5,5,6,4,6,6,7,4,5,7,6,4,6,6,6,3,7,7,6,6,7,3,5,5,6,5,5,7,7,7,6,4,7,6,5,9,7,5,4,7,6,7,5,8,9,3,9,1,5,4,8,2,5,5,6,6,7,3,5,7,7,7,5,7,7,6,6,4,7,3,7,2,5,8,7,4,8,3,6,6,6,7,5,5,7,3,5,6,5,7,5,8,5,8,4,7,6,6,5,4,5,5,5,6,8,4,5,6,6,5,6,4,6,6,5,5,5,6,6,4,5,4
2019-04-25 11:04:04,2019-04-25 11:19:36,IP Address,129.21.181.213,100,930,True,2019-04-25 11:19:37,R_2c2A3FacSpWeF5j,,,,,43.0800933837890625,-77.6342010498046875,anonymous,EN,NA,,,,,,,,,,,,,,,,,,,,,,,,,,,,,,,,,,,,,,,,,,,,,,,,,,,,,,,,,,,,,,,,,,,,,,,,,,,,,,,,,,,,,,,,,,,,,,,,,,,,,,,,,,,,,,,,,,,,,,,,,,,,,,,,,,,,,,,,,,,,,,,,,,,,,,,,,,,,,,,,,na0425,19,Female,Right-handed,No,,,,,,,,,,,,,,,,,,,,,,,,,,,,,,,,,,,,,,,,,,,,,,,,,,,,,,,,,,,,,,,,,,,,,,,,,,,,,,,,,,,,,,,,,,,,,,,,,,,,,,,,,,,,,,,,,,,,,,,,,,,,,,,,,,,,,,,,,,,,,,,,,,,,,,,,,,,,,,,,,9,2,9,2,8,4,9,4,5,5,9,5,7,5,9,1,6,4,7,5,9,6,8,1,6,4,7,2,8,5,5,5,9,2,7,3,8,3,6,4,9,1,6,4,9,1,5,5,7,3,6,6,5,5,7,8,7,4,8,2,5,5,6,6,5,5,8,7,6,3,8,7,6,5,7,3,5,5,6,6,6,4,9,1,8,4,5,3,8,3,6,3,7,3,8,2,6,8,6,7,5,5,7,4,8,1,8,1,9,2,5,5,7,6,9,3,6,4,7,6,7,3,7,3,6,4,5,5,5,5,5,5,5,5,6,4,5,5,5,5,6,6,6,4,5,5,6,4,6,5,6,4,5,5,5,5,5,5,6,4
2019-08-29 07:44:03,2019-08-29 08:29:03,IP Address,129.21.181.145,100,2700,True,2019-08-29 08:29:04,R_Dw1vMeSPboSysut,,,,,43.0800933837890625,-77.6342010498046875,anonymous,EN,NB,,,,,,,,,,,,,,,,,,,,,,,,,,,,,,,,,,,,,,,,,,,,,,,,,,,,,,,,,,,,,,,,,,,,,,,,,,,,,,,,,,,,,,,,,,,,,,,,,,,,,,,,,,,,,,,,,,,,,,,,,,,,,,,,,,,,,,,,,,,,,,,,,,,,,,,,,,,,,,,,,nb0829,18,Male,Right-handed,No,,,,,,,,,,,,,,,,,,,,,,,,,,,,,,,,,,,,,,,,,,,,,,,,,,,,,,,,,,,,,,,,,,,,,,,,,,,,,,,,,,,,,,,,,,,,,,,,,,,,,,,,,,,,,,,,,,,,,,,,,,,,,,,,,,,,,,,,,,,,,,,,,,,,,,,,,,,,,,,,,5,7,9,3,9,9,9,9,5,9,9,7,9,5,9,7,5,3,7,9,9,1,9,5,7,9,7,3,9,7,5,9,9,9,7,5,9,9,5,9,9,7,7,5,9,7,5,9,7,5,7,9,5,9,7,9,7,5,9,7,5,9,7,7,7,9,9,5,9,5,7,7,5,9,7,5,5,9,7,7,5,9,9,1,9,1,5,9,9,1,7,7,7,3,7,3,7,9,7,7,5,9,7,7,7,5,5,7,9,1,7,5,9,7,7,7,7,7,7,7,3,7,5,9,7,9,3,9,5,9,5,9,3,7,5,9,5,9,5,9,5,7,7,5,3,9,5,9,5,9,5,7,5,9,5,9,7,7,7,5
2019-08-29 08:34:06,2019-08-29 09:19:32,IP Address,129.21.181.145,100,2726,True,2019-08-29 09:19:33,R_Q0NSLdB8GJ0mUq5,,,,,43.0800933837890625,-77.6342010498046875,anonymous,EN,Pilot A,5,6,3,3,2,3,3,3,5,6,3,2,3,5,4,5,5,7,4,5,5,5,2,2,6,5,2,2,3,3,5,5,3,3,3,5,4,4,7,3,4,3,4,5,2,1,5,5,3,4,5,5,3,5,5,5,1,1,5,6,3,3,3,5,2,3,3,4,7,7,5,5,3,4,3,3,3,4,5,7,3,4,2,3,3,5,6,6,3,4,4,2,2,4,3,4,5,2,3,4,7,7,3,4,2,3,2,3,6,7,2,2,7,3,4,2,7,7,7,5,5,5,6,3,7,6,3,4,6,6,4,5,5,5,6,6,5,5,6,6,6,4,8,4,4,4,6,3,6,5,7,6,5,5,6,5,6,7,5,5,pilota0829,18,Male,Right-handed,No,,,,,,,,,,,,,,,,,,,,,,,,,,,,,,,,,,,,,,,,,,,,,,,,,,,,,,,,,,,,,,,,,,,,,,,,,,,,,,,,,,,,,,,,,,,,,,,,,,,,,,,,,,,,,,,,,,,,,,,,,,,,,,,,,,,,,,,,,,,,,,,,,,,,,,,,,,,,,,,,,,,,,,,,,,,,,,,,,,,,,,,,,,,,,,,,,,,,,,,,,,,,,,,,,,,,,,,,,,,,,,,,,,,,,,,,,,,,,,,,,,,,,,,,,,,,,,,,,,,,,,,,,,,,,,,,,,,,,,,,,,,,,,,,,,,,,,,,,,,,,,,,,,,,,,,,,,,,,,,,
2019-09-03 09:09:47,2019-09-03 10:01:34,IP Address,129.21.181.145,100,3106,True,2019-09-03 10:01:35,R_Rwx8bJSoaaSobuh,,,,,43.0800933837890625,-77.6342010498046875,anonymous,EN,Pilot B,6,5,3,5,3,8,1,6,4,4,4,3,3,6,2,5,4,3,3,7,5,8,2,3,7,7,3,4,5,7,5,6,2,3,4,4,3,6,7,4,3,7,3,5,2,3,5,5,3,7,3,5,4,6,6,4,1,3,5,6,1,3,4,7,2,4,2,3,6,4,6,5,3,4,3,3,2,3,5,5,3,4,3,5,3,5,7,4,3,7,6,4,2,3,3,5,4,4,3,3,7,6,3,5,2,3,3,3,6,5,3,5,6,4,6,5,6,7,6,7,7,5,7,4,6,5,7,4,4,4,6,5,4,5,5,5,4,3,5,3,6,5,8,5,4,5,7,4,6,5,5,4,6,5,5,4,5,3,4,3,pb0830,18,male,Right-handed,no,,,,,,,,,,,,,,,,,,,,,,,,,,,,,,,,,,,,,,,,,,,,,,,,,,,,,,,,,,,,,,,,,,,,,,,,,,,,,,,,,,,,,,,,,,,,,,,,,,,,,,,,,,,,,,,,,,,,,,,,,,,,,,,,,,,,,,,,,,,,,,,,,,,,,,,,,,,,,,,,,,,,,,,,,,,,,,,,,,,,,,,,,,,,,,,,,,,,,,,,,,,,,,,,,,,,,,,,,,,,,,,,,,,,,,,,,,,,,,,,,,,,,,,,,,,,,,,,,,,,,,,,,,,,,,,,,,,,,,,,,,,,,,,,,,,,,,,,,,,,,,,,,,,,,,,,,,,,,,,,
2019-09-03 10:43:03,2019-09-03 12:09:38,IP Address,129.21.181.145,100,5194,True,2019-09-03 12:09:39,R_786x9vADw7iy7LP,,,,,43.0800933837890625,-77.6342010498046875,anonymous,EN,NA,,,,,,,,,,,,,,,,,,,,,,,,,,,,,,,,,,,,,,,,,,,,,,,,,,,,,,,,,,,,,,,,,,,,,,,,,,,,,,,,,,,,,,,,,,,,,,,,,,,,,,,,,,,,,,,,,,,,,,,,,,,,,,,,,,,,,,,,,,,,,,,,,,,,,,,,,,,,,,,,,na0903,18,Male,Right-handed,No,,,,,,,,,,,,,,,,,,,,,,,,,,,,,,,,,,,,,,,,,,,,,,,,,,,,,,,,,,,,,,,,,,,,,,,,,,,,,,,,,,,,,,,,,,,,,,,,,,,,,,,,,,,,,,,,,,,,,,,,,,,,,,,,,,,,,,,,,,,,,,,,,,,,,,,,,,,,,,,,,8,3,9,2,9,8,9,8,3,1,9,3,9,2,9,1,5,3,8,7,9,9,9,1,7,5,8,3,9,5,3,4,9,2,9,7,9,8,5,6,9,4,6,6,9,3,4,8,9,3,8,7,7,3,9,9,9,5,9,7,5,1,7,8,7,1,9,7,9,2,9,8,4,8,7,7,3,9,8,3,5,7,9,1,9,8,3,3,9,7,2,1,8,3,9,1,5,9,8,9,5,7,7,4,8,2,3,2,8,1,6,9,8,3,8,3,6,4,7,8,7,1,7,1,6,8,4,8,5,3,5,8,3,7,7,2,4,6,5,2,6,4,9,8,5,7,7,3,7,9,4,1,9,1,5,7,9,3,9,1
2019-09-05 07:47:04,2019-09-05 08:31:23,IP Address,129.21.181.145,100,2658,True,2019-09-05 08:31:24,R_vHylHkVn23o1K2l,,,,,43.0800933837890625,-77.6342010498046875,anonymous,EN,NB,,,,,,,,,,,,,,,,,,,,,,,,,,,,,,,,,,,,,,,,,,,,,,,,,,,,,,,,,,,,,,,,,,,,,,,,,,,,,,,,,,,,,,,,,,,,,,,,,,,,,,,,,,,,,,,,,,,,,,,,,,,,,,,,,,,,,,,,,,,,,,,,,,,,,,,,,,,,,,,,,nb0905,18,female,Right-handed,no,,,,,,,,,,,,,,,,,,,,,,,,,,,,,,,,,,,,,,,,,,,,,,,,,,,,,,,,,,,,,,,,,,,,,,,,,,,,,,,,,,,,,,,,,,,,,,,,,,,,,,,,,,,,,,,,,,,,,,,,,,,,,,,,,,,,,,,,,,,,,,,,,,,,,,,,,,,,,,,,,9,3,9,4,9,7,9,7,5,9,9,6,5,3,7,1,5,9,7,6,9,3,7,1,7,5,9,1,7,3,5,9,9,4,9,4,9,4,9,3,9,3,6,4,9,2,5,9,9,2,8,4,5,9,9,5,9,3,9,5,5,9,9,2,5,9,9,7,9,6,6,9,5,9,6,9,5,9,9,6,5,9,9,1,9,3,4,9,9,4,6,1,7,3,7,1,9,5,9,4,5,8,7,4,6,6,6,2,9,1,5,8,9,4,9,3,5,9,9,8,5,9,5,9,5,9,1,8,5,9,5,9,3,9,7,4,3,8,5,6,5,5,8,4,3,8,8,3,5,9,6,6,5,9,5,9,5,9,5,8
2019-09-05 11:22:40,2019-09-05 12:03:49,IP Address,129.21.181.145,100,2469,True,2019-09-05 12:03:51,R_3h3jsHTL4ogZTi4,,,,,43.0800933837890625,-77.6342010498046875,anonymous,EN,Pilot A,9,3,1,5,1,9,3,7,5,5,3,3,3,5,3,3,7,3,3,7,3,8,3,3,5,5,1,1,3,5,5,5,3,3,1,3,5,5,7,4,3,7,3,3,3,3,5,5,3,9,5,3,3,5,7,4,3,3,5,5,1,3,3,7,3,1,3,3,7,3,3,7,3,8,3,4,3,5,5,5,3,5,2,3,3,8,9,1,3,9,9,3,3,1,3,7,5,2,3,5,7,3,1,3,1,3,3,5,7,3,3,3,7,3,3,7,5,5,7,4,5,5,5,5,7,5,4,5,5,5,5,6,3,4,7,2,3,6,5,5,7,3,7,4,3,5,7,3,5,5,7,4,5,5,5,5,5,5,7,3,pilota0905,22,Female,Right-handed,NO,,,,,,,,,,,,,,,,,,,,,,,,,,,,,,,,,,,,,,,,,,,,,,,,,,,,,,,,,,,,,,,,,,,,,,,,,,,,,,,,,,,,,,,,,,,,,,,,,,,,,,,,,,,,,,,,,,,,,,,,,,,,,,,,,,,,,,,,,,,,,,,,,,,,,,,,,,,,,,,,,,,,,,,,,,,,,,,,,,,,,,,,,,,,,,,,,,,,,,,,,,,,,,,,,,,,,,,,,,,,,,,,,,,,,,,,,,,,,,,,,,,,,,,,,,,,,,,,,,,,,,,,,,,,,,,,,,,,,,,,,,,,,,,,,,,,,,,,,,,,,,,,,,,,,,,,,,,,,,,,
2019-09-10 09:44:07,2019-09-10 10:34:00,IP Address,129.21.181.145,100,2993,True,2019-09-10 10:34:01,R_1d6uOzUZqX3URNq,,,,,43.0800933837890625,-77.6342010498046875,anonymous,EN,NA,,,,,,,,,,,,,,,,,,,,,,,,,,,,,,,,,,,,,,,,,,,,,,,,,,,,,,,,,,,,,,,,,,,,,,,,,,,,,,,,,,,,,,,,,,,,,,,,,,,,,,,,,,,,,,,,,,,,,,,,,,,,,,,,,,,,,,,,,,,,,,,,,,,,,,,,,,,,,,,,,na0910,22,Female,Right-handed,No,,,,,,,,,,,,,,,,,,,,,,,,,,,,,,,,,,,,,,,,,,,,,,,,,,,,,,,,,,,,,,,,,,,,,,,,,,,,,,,,,,,,,,,,,,,,,,,,,,,,,,,,,,,,,,,,,,,,,,,,,,,,,,,,,,,,,,,,,,,,,,,,,,,,,,,,,,,,,,,,,7,7,7,7,8,5,6,8,4,8,9,7,8,7,9,6,5,9,8,8,8,5,9,4,6,8,8,5,8,7,5,8,7,7,7,8,8,5,8,4,7,6,6,6,5,7,5,7,7,7,7,8,5,9,6,8,8,6,8,5,6,6,7,8,5,9,8,8,7,6,6,8,5,7,5,8,3,6,7,8,5,9,8,4,7,7,3,8,7,8,6,8,7,8,7,6,5,8,7,8,5,9,6,8,6,7,5,6,7,3,5,8,7,5,8,6,7,9,7,8,5,9,5,7,5,9,5,9,5,9,5,9,5,9,6,8,3,5,5,8,7,5,9,5,5,8,5,6,6,8,6,8,5,9,5,9,5,5,8,4
2019-09-10 12:44:59,2019-09-10 13:02:22,IP Address,129.21.181.145,100,1043,True,2019-09-10 13:02:23,R_3g5jLEm3zrfUBEk,,,,,43.0800933837890625,-77.6342010498046875,anonymous,EN,Pilot B,7,2,3,3,2,5,3,7,6,3,4,3,2,4,3,7,8,2,3,7,4,5,1,2,9,3,1,2,2,3,2,5,1,3,3,4,3,4,7,5,2,7,1,3,3,2,4,5,3,8,2,6,3,4,7,4,1,1,5,6,1,3,3,8,1,3,3,4,5,7,6,7,2,4,3,5,3,6,6,5,3,7,6,5,3,6,8,4,2,9,7,2,1,3,2,6,7,4,1,3,7,6,3,8,2,4,2,6,7,8,1,2,8,4,3,4,7,3,7,6,7,6,7,3,6,8,6,3,6,4,4,4,4,6,7,5,6,4,4,3,7,7,8,4,4,6,7,4,5,5,6,6,5,4,4,6,7,4,8,3,pilotb0910,22,Female,Right-handed,No,,,,,,,,,,,,,,,,,,,,,,,,,,,,,,,,,,,,,,,,,,,,,,,,,,,,,,,,,,,,,,,,,,,,,,,,,,,,,,,,,,,,,,,,,,,,,,,,,,,,,,,,,,,,,,,,,,,,,,,,,,,,,,,,,,,,,,,,,,,,,,,,,,,,,,,,,,,,,,,,,,,,,,,,,,,,,,,,,,,,,,,,,,,,,,,,,,,,,,,,,,,,,,,,,,,,,,,,,,,,,,,,,,,,,,,,,,,,,,,,,,,,,,,,,,,,,,,,,,,,,,,,,,,,,,,,,,,,,,,,,,,,,,,,,,,,,,,,,,,,,,,,,,,,,,,,,,,,,,,,
2019-09-10 13:10:45,2019-09-10 14:00:44,IP Address,129.21.181.145,100,2999,True,2019-09-10 14:00:45,R_2Pp3VQOafvnSTlg,,,,,43.0800933837890625,-77.6342010498046875,anonymous,EN,NB,,,,,,,,,,,,,,,,,,,,,,,,,,,,,,,,,,,,,,,,,,,,,,,,,,,,,,,,,,,,,,,,,,,,,,,,,,,,,,,,,,,,,,,,,,,,,,,,,,,,,,,,,,,,,,,,,,,,,,,,,,,,,,,,,,,,,,,,,,,,,,,,,,,,,,,,,,,,,,,,,nb0910,18,female,Right-handed,no,,,,,,,,,,,,,,,,,,,,,,,,,,,,,,,,,,,,,,,,,,,,,,,,,,,,,,,,,,,,,,,,,,,,,,,,,,,,,,,,,,,,,,,,,,,,,,,,,,,,,,,,,,,,,,,,,,,,,,,,,,,,,,,,,,,,,,,,,,,,,,,,,,,,,,,,,,,,,,,,,6,7,8,4,9,1,9,4,5,9,8,6,6,9,7,6,5,7,6,8,9,7,8,5,5,8,7,5,8,7,4,9,9,5,8,6,7,6,6,8,6,8,7,8,6,7,5,9,7,7,6,9,5,9,5,9,7,8,5,9,5,9,6,8,5,9,9,6,7,7,8,7,5,9,5,9,3,9,7,7,6,8,7,8,7,8,3,9,9,7,5,9,7,8,7,8,5,9,7,8,5,9,6,8,5,7,5,9,5,7,4,9,9,5,9,6,6,8,7,8,5,9,5,9,5,9,4,9,5,9,4,9,5,9,5,9,5,9,5,9,5,9,6,9,5,9,5,9,5,9,5,9,5,9,5,9,5,9,5,8
2019-09-12 09:11:40,2019-09-12 09:54:45,IP Address,129.21.181.221,100,2585,True,2019-09-12 09:54:46,R_3iOtHypN9bQJ5gQ,,,,,43.0800933837890625,-77.6342010498046875,anonymous,EN,Pilot A,9,3,1,5,1,9,2,5,5,5,3,3,1,7,1,9,5,3,3,9,3,5,1,3,7,2,2,2,2,2,5,2,2,2,3,8,3,5,7,4,2,8,3,7,3,5,5,5,2,9,4,4,4,5,6,3,1,1,5,5,3,3,4,3,2,3,3,5,6,3,7,5,3,8,3,4,4,5,5,5,3,4,3,3,2,4,6,4,3,9,5,3,1,3,3,5,7,4,2,3,7,3,3,5,1,3,3,4,7,4,1,2,5,2,4,3,5,4,5,3,5,4,5,5,5,6,6,3,5,5,5,5,4,6,5,5,4,4,5,5,6,2,6,4,4,7,6,3,6,7,5,5,5,5,5,5,4,4,5,5,pilota0912,19,Female,Right-handed,no,,,,,,,,,,,,,,,,,,,,,,,,,,,,,,,,,,,,,,,,,,,,,,,,,,,,,,,,,,,,,,,,,,,,,,,,,,,,,,,,,,,,,,,,,,,,,,,,,,,,,,,,,,,,,,,,,,,,,,,,,,,,,,,,,,,,,,,,,,,,,,,,,,,,,,,,,,,,,,,,,,,,,,,,,,,,,,,,,,,,,,,,,,,,,,,,,,,,,,,,,,,,,,,,,,,,,,,,,,,,,,,,,,,,,,,,,,,,,,,,,,,,,,,,,,,,,,,,,,,,,,,,,,,,,,,,,,,,,,,,,,,,,,,,,,,,,,,,,,,,,,,,,,,,,,,,,,,,,,,,
2019-09-12 10:44:47,2019-09-12 11:32:16,IP Address,129.21.181.221,100,2848,True,2019-09-12 11:32:17,R_1FnS763Mcd54uxE,,,,,43.0800933837890625,-77.6342010498046875,anonymous,EN,Pilot B,7,5,3,3,1,3,3,3,5,7,3,3,4,4,3,3,5,5,3,5,5,5,3,3,5,7,5,7,5,9,5,9,1,5,7,9,4,8,5,7,3,9,3,7,3,3,5,5,4,7,9,9,5,9,7,7,1,1,5,7,3,3,3,6,3,5,4,7,5,9,7,8,3,3,3,5,3,7,5,9,4,7,3,5,3,7,5,9,3,5,4,8,3,3,3,3,3,3,1,5,7,8,3,3,3,3,3,3,5,9,3,3,3,3,3,1,9,9,7,7,9,1,3,5,6,7,7,7,4,8,9,9,3,7,5,9,5,7,5,8,7,5,7,7,3,9,3,5,5,8,7,5,7,5,4,7,7,5,5,3,pilotb0912,19,Male,Right-handed,No,,,,,,,,,,,,,,,,,,,,,,,,,,,,,,,,,,,,,,,,,,,,,,,,,,,,,,,,,,,,,,,,,,,,,,,,,,,,,,,,,,,,,,,,,,,,,,,,,,,,,,,,,,,,,,,,,,,,,,,,,,,,,,,,,,,,,,,,,,,,,,,,,,,,,,,,,,,,,,,,,,,,,,,,,,,,,,,,,,,,,,,,,,,,,,,,,,,,,,,,,,,,,,,,,,,,,,,,,,,,,,,,,,,,,,,,,,,,,,,,,,,,,,,,,,,,,,,,,,,,,,,,,,,,,,,,,,,,,,,,,,,,,,,,,,,,,,,,,,,,,,,,,,,,,,,,,,,,,,,,
2019-09-17 06:53:01,2019-09-17 08:20:29,IP Address,129.21.181.221,100,5248,True,2019-09-17 08:20:30,R_1LiXyCyBHt6GhUT,,,,,43.0800933837890625,-77.6342010498046875,anonymous,EN,NA,,,,,,,,,,,,,,,,,,,,,,,,,,,,,,,,,,,,,,,,,,,,,,,,,,,,,,,,,,,,,,,,,,,,,,,,,,,,,,,,,,,,,,,,,,,,,,,,,,,,,,,,,,,,,,,,,,,,,,,,,,,,,,,,,,,,,,,,,,,,,,,,,,,,,,,,,,,,,,,,,na0917,19,female,Right-handed,no,,,,,,,,,,,,,,,,,,,,,,,,,,,,,,,,,,,,,,,,,,,,,,,,,,,,,,,,,,,,,,,,,,,,,,,,,,,,,,,,,,,,,,,,,,,,,,,,,,,,,,,,,,,,,,,,,,,,,,,,,,,,,,,,,,,,,,,,,,,,,,,,,,,,,,,,,,,,,,,,,5,7,7,9,7,7,7,9,5,9,7,7,7,5,4,7,5,8,6,9,6,5,4,7,4,9,6,8,7,6,5,9,7,8,6,8,7,7,4,9,4,7,5,8,4,9,6,9,7,8,6,9,5,9,7,8,7,7,7,6,4,7,6,8,6,6,7,6,7,7,7,6,7,7,7,8,3,9,7,8,5,9,8,6,7,5,3,9,6,8,3,7,5,9,3,6,7,9,7,8,5,9,6,9,7,8,4,7,7,5,9,3,7,8,8,7,3,9,6,9,4,7,3,6,6,8,9,5,5,9,5,9,4,8,5,9,4,7,5,9,7,8,7,6,4,8,3,6,7,9,6,8,5,7,4,7,4,8,7,8
2019-09-17 14:21:42,2019-09-17 15:09:17,IP Address,129.21.181.221,100,2854,True,2019-09-17 15:09:18,R_2EgVAZDpdBgysZi,,,,,43.0800933837890625,-77.6342010498046875,anonymous,EN,NB,,,,,,,,,,,,,,,,,,,,,,,,,,,,,,,,,,,,,,,,,,,,,,,,,,,,,,,,,,,,,,,,,,,,,,,,,,,,,,,,,,,,,,,,,,,,,,,,,,,,,,,,,,,,,,,,,,,,,,,,,,,,,,,,,,,,,,,,,,,,,,,,,,,,,,,,,,,,,,,,,nb0917,20,Female,Right-handed,No,,,,,,,,,,,,,,,,,,,,,,,,,,,,,,,,,,,,,,,,,,,,,,,,,,,,,,,,,,,,,,,,,,,,,,,,,,,,,,,,,,,,,,,,,,,,,,,,,,,,,,,,,,,,,,,,,,,,,,,,,,,,,,,,,,,,,,,,,,,,,,,,,,,,,,,,,,,,,,,,,5,3,7,5,9,2,7,5,4,4,9,7,7,1,9,5,5,1,7,6,9,1,7,1,6,6,6,3,9,3,2,9,9,1,7,4,7,5,8,4,7,3,6,6,7,7,5,9,7,1,9,7,8,3,9,4,9,1,9,3,6,2,9,8,5,5,9,7,9,1,8,2,3,5,7,3,5,5,9,7,9,1,9,1,9,2,2,1,9,3,7,4,9,4,9,2,9,4,9,5,9,3,9,6,8,1,8,1,9,1,9,1,7,4,9,1,6,6,9,8,9,4,7,4,6,8,3,7,7,7,1,7,3,7,7,6,4,8,5,5,7,3,9,4,6,6,7,6,6,8,7,8,5,9,5,8,9,3,9,1
2019-09-19 12:11:31,2019-09-19 12:52:08,IP Address,129.21.181.221,100,2436,True,2019-09-19 12:52:09,R_2w6Q09t9D6VzcTw,,,,,43.0800933837890625,-77.6342010498046875,anonymous,EN,Pilot A,7,4,3,3,1,8,1,4,6,4,5,3,2,3,1,3,8,2,1,9,1,3,1,3,9,6,3,4,3,4,3,8,1,2,1,7,3,4,9,9,1,4,1,3,1,1,5,8,2,5,1,1,3,6,7,6,3,4,5,6,1,3,1,4,1,7,3,5,8,9,5,7,1,7,4,5,3,3,2,5,1,1,4,6,1,5,9,6,1,9,5,3,1,5,1,5,6,7,1,4,5,5,1,3,1,2,1,1,9,1,1,3,9,5,3,1,4,5,3,2,5,5,7,4,6,4,3,4,5,5,5,5,6,1,9,4,3,5,5,5,8,5,9,7,5,5,7,4,5,5,7,7,5,5,5,5,6,5,6,5,pilota0919,19,Female,Right-handed,No,,,,,,,,,,,,,,,,,,,,,,,,,,,,,,,,,,,,,,,,,,,,,,,,,,,,,,,,,,,,,,,,,,,,,,,,,,,,,,,,,,,,,,,,,,,,,,,,,,,,,,,,,,,,,,,,,,,,,,,,,,,,,,,,,,,,,,,,,,,,,,,,,,,,,,,,,,,,,,,,,,,,,,,,,,,,,,,,,,,,,,,,,,,,,,,,,,,,,,,,,,,,,,,,,,,,,,,,,,,,,,,,,,,,,,,,,,,,,,,,,,,,,,,,,,,,,,,,,,,,,,,,,,,,,,,,,,,,,,,,,,,,,,,,,,,,,,,,,,,,,,,,,,,,,,,,,,,,,,,,
2019-09-24 07:46:11,2019-09-26 09:18:40,IP Address,129.21.181.221,100,178348,True,2019-09-26 09:18:41,R_2QJnwcLI25CPx0Y,,,,,43.0800933837890625,-77.6342010498046875,anonymous,EN,NA,,,,,,,,,,,,,,,,,,,,,,,,,,,,,,,,,,,,,,,,,,,,,,,,,,,,,,,,,,,,,,,,,,,,,,,,,,,,,,,,,,,,,,,,,,,,,,,,,,,,,,,,,,,,,,,,,,,,,,,,,,,,,,,,,,,,,,,,,,,,,,,,,,,,,,,,,,,,,,,,,na0926,18,Male,Right-handed,No,,,,,,,,,,,,,,,,,,,,,,,,,,,,,,,,,,,,,,,,,,,,,,,,,,,,,,,,,,,,,,,,,,,,,,,,,,,,,,,,,,,,,,,,,,,,,,,,,,,,,,,,,,,,,,,,,,,,,,,,,,,,,,,,,,,,,,,,,,,,,,,,,,,,,,,,,,,,,,,,,9,2,9,1,9,1,7,5,5,9,9,3,7,3,9,1,5,9,9,3,8,3,7,1,5,7,7,4,9,2,4,7,9,1,7,5,7,4,6,3,6,7,7,5,6,7,5,9,7,3,7,7,5,9,6,8,7,3,8,2,5,9,8,2,6,5,8,2,6,2,9,5,5,9,6,7,3,8,7,3,5,5,9,1,9,1,3,7,9,1,3,6,7,5,7,2,6,7,7,6,6,8,7,6,5,8,3,8,9,1,3,8,8,3,9,1,1,8,6,7,5,8,5,7,5,8,4,7,6,8,5,9,3,6,6,3,3,7,3,8,7,5,7,1,3,7,6,8,6,6,7,5,5,8,5,9,5,7,5,6
2019-09-26 13:23:41,2019-09-26 13:33:21,IP Address,129.21.181.221,100,579,True,2019-09-26 13:33:21,R_3FRt8ZTXPYSxz4v,,,,,43.0800933837890625,-77.6342010498046875,anonymous,EN,Pilot B,7,5,3,4,1,2,4,5,5,3,3,3,1,4,1,5,5,7,1,5,1,4,1,2,9,5,1,4,5,6,5,5,1,3,1,4,4,3,5,7,2,4,1,4,4,5,5,6,1,4,1,2,1,3,5,7,5,8,5,5,1,2,1,2,1,1,1,5,5,5,8,5,3,4,3,4,1,3,5,9,1,1,3,4,3,4,9,2,1,3,5,4,1,4,1,4,6,4,1,4,9,5,3,5,3,4,2,4,7,4,5,5,5,5,4,5,6,4,7,4,6,7,5,5,7,5,1,4,5,5,5,5,4,5,7,5,3,4,5,5,7,5,6,6,4,4,3,4,7,5,5,5,7,5,5,5,5,5,5,5,pilotb0926,18,female,Right-handed,"hearing ",,,,,,,,,,,,,,,,,,,,,,,,,,,,,,,,,,,,,,,,,,,,,,,,,,,,,,,,,,,,,,,,,,,,,,,,,,,,,,,,,,,,,,,,,,,,,,,,,,,,,,,,,,,,,,,,,,,,,,,,,,,,,,,,,,,,,,,,,,,,,,,,,,,,,,,,,,,,,,,,,,,,,,,,,,,,,,,,,,,,,,,,,,,,,,,,,,,,,,,,,,,,,,,,,,,,,,,,,,,,,,,,,,,,,,,,,,,,,,,,,,,,,,,,,,,,,,,,,,,,,,,,,,,,,,,,,,,,,,,,,,,,,,,,,,,,,,,,,,,,,,,,,,,,,,,,,,,,,,,,
2019-10-03 06:58:32,2019-10-03 07:45:06,IP Address,129.21.181.221,100,2794,True,2019-10-03 07:45:08,R_3hxpPBtpEK8vSg5,,,,,43.0800933837890625,-77.6342010498046875,anonymous,EN,NB,,,,,,,,,,,,,,,,,,,,,,,,,,,,,,,,,,,,,,,,,,,,,,,,,,,,,,,,,,,,,,,,,,,,,,,,,,,,,,,,,,,,,,,,,,,,,,,,,,,,,,,,,,,,,,,,,,,,,,,,,,,,,,,,,,,,,,,,,,,,,,,,,,,,,,,,,,,,,,,,,nb1004,19,female,Left-handed,no,,,,,,,,,,,,,,,,,,,,,,,,,,,,,,,,,,,,,,,,,,,,,,,,,,,,,,,,,,,,,,,,,,,,,,,,,,,,,,,,,,,,,,,,,,,,,,,,,,,,,,,,,,,,,,,,,,,,,,,,,,,,,,,,,,,,,,,,,,,,,,,,,,,,,,,,,,,,,,,,,9,9,9,9,9,8,9,9,5,4,9,9,9,7,7,6,5,5,9,7,9,7,4,4,5,4,9,7,9,9,5,5,9,3,9,2,9,3,9,9,9,9,5,3,9,9,7,5,9,1,7,7,7,5,4,7,9,4,9,9,5,9,9,3,5,5,9,9,9,1,9,9,9,5,9,3,5,9,9,7,4,5,9,1,9,1,5,9,5,9,4,7,5,4,9,5,5,5,9,3,5,5,9,1,9,3,4,3,9,3,5,5,9,5,9,1,7,5,8,3,6,9,3,3,1,1,5,9,5,9,3,7,5,5,5,3,1,1,6,3,7,4,9,2,4,5,5,5,3,4,9,7,5,9,5,9,3,3,7,4
2019-10-03 08:24:28,2019-10-03 09:05:49,IP Address,129.21.181.221,100,2480,True,2019-10-03 09:05:49,R_2XoBk5YB1vaJ1Tr,,,,,43.0800933837890625,-77.6342010498046875,anonymous,EN,Pilot A,9,3,3,4,2,3,3,6,3,5,2,7,2,4,3,7,7,3,3,8,4,8,1,3,7,8,3,4,5,4,5,7,2,3,3,6,2,2,9,5,3,8,1,2,1,2,3,3,1,7,4,7,3,6,7,3,2,5,8,5,1,1,3,7,1,7,1,1,9,3,8,5,1,7,1,1,1,5,1,4,1,3,1,1,1,8,8,4,1,7,2,3,1,7,1,7,4,3,1,6,9,7,1,1,1,3,1,1,7,5,1,4,7,4,1,3,9,1,1,3,7,3,7,3,5,5,8,3,3,7,3,7,5,5,9,3,2,2,6,2,8,4,9,4,5,8,3,3,8,7,6,4,5,8,6,4,5,8,3,3,pilota1003,18,Female,Left-handed,No,,,,,,,,,,,,,,,,,,,,,,,,,,,,,,,,,,,,,,,,,,,,,,,,,,,,,,,,,,,,,,,,,,,,,,,,,,,,,,,,,,,,,,,,,,,,,,,,,,,,,,,,,,,,,,,,,,,,,,,,,,,,,,,,,,,,,,,,,,,,,,,,,,,,,,,,,,,,,,,,,,,,,,,,,,,,,,,,,,,,,,,,,,,,,,,,,,,,,,,,,,,,,,,,,,,,,,,,,,,,,,,,,,,,,,,,,,,,,,,,,,,,,,,,,,,,,,,,,,,,,,,,,,,,,,,,,,,,,,,,,,,,,,,,,,,,,,,,,,,,,,,,,,,,,,,,,,,,,,,,
2019-10-03 09:12:12,2019-10-03 09:54:49,IP Address,129.21.181.221,100,2557,True,2019-10-03 09:54:51,R_2yjf2oJepRyO4b2,,,,,43.0800933837890625,-77.6342010498046875,anonymous,EN,Pilot B,9,9,1,3,3,7,1,3,5,5,3,7,1,3,1,1,5,9,3,3,5,9,1,1,9,5,1,1,5,9,5,9,1,1,3,3,1,7,7,5,3,3,3,5,5,5,5,9,3,5,3,3,1,3,5,9,3,3,5,7,1,1,3,3,1,1,1,5,7,7,5,9,1,3,1,1,1,1,5,9,1,1,3,3,3,3,7,3,3,3,5,9,1,1,1,1,5,9,3,1,5,5,3,3,1,3,3,3,7,5,5,9,7,5,3,3,5,9,5,9,3,3,7,5,7,5,1,3,5,9,3,5,5,9,7,5,5,9,3,1,7,3,5,9,5,7,7,5,7,7,7,7,5,9,5,9,7,7,7,7,pilotb1003,18,Female,Right-handed,None,,,,,,,,,,,,,,,,,,,,,,,,,,,,,,,,,,,,,,,,,,,,,,,,,,,,,,,,,,,,,,,,,,,,,,,,,,,,,,,,,,,,,,,,,,,,,,,,,,,,,,,,,,,,,,,,,,,,,,,,,,,,,,,,,,,,,,,,,,,,,,,,,,,,,,,,,,,,,,,,,,,,,,,,,,,,,,,,,,,,,,,,,,,,,,,,,,,,,,,,,,,,,,,,,,,,,,,,,,,,,,,,,,,,,,,,,,,,,,,,,,,,,,,,,,,,,,,,,,,,,,,,,,,,,,,,,,,,,,,,,,,,,,,,,,,,,,,,,,,,,,,,,,,,,,,,,,,,,,,,
2019-10-03 14:30:15,2019-10-03 15:17:21,IP Address,129.21.181.221,100,2826,True,2019-10-03 15:17:22,R_2cAPJVbDipQZBlj,,,,,43.0800933837890625,-77.6342010498046875,anonymous,EN,NA,,,,,,,,,,,,,,,,,,,,,,,,,,,,,,,,,,,,,,,,,,,,,,,,,,,,,,,,,,,,,,,,,,,,,,,,,,,,,,,,,,,,,,,,,,,,,,,,,,,,,,,,,,,,,,,,,,,,,,,,,,,,,,,,,,,,,,,,,,,,,,,,,,,,,,,,,,,,,,,,,na1003,18,Female,Right-handed,No,,,,,,,,,,,,,,,,,,,,,,,,,,,,,,,,,,,,,,,,,,,,,,,,,,,,,,,,,,,,,,,,,,,,,,,,,,,,,,,,,,,,,,,,,,,,,,,,,,,,,,,,,,,,,,,,,,,,,,,,,,,,,,,,,,,,,,,,,,,,,,,,,,,,,,,,,,,,,,,,,7,4,8,4,9,3,9,5,5,5,9,3,8,2,8,2,5,5,5,5,9,2,8,1,7,3,7,3,6,4,4,9,9,1,9,2,8,1,9,2,8,1,7,3,7,2,5,8,7,3,8,4,5,8,7,5,7,1,9,1,5,7,7,5,5,8,6,7,7,5,6,5,7,3,7,4,4,8,7,4,6,4,9,1,9,2,4,7,9,3,8,1,8,4,8,3,5,6,7,6,5,9,7,6,6,7,7,3,8,1,3,9,7,7,8,3,6,8,7,6,5,5,5,5,6,6,3,8,5,4,5,5,5,7,6,7,3,8,4,8,6,5,7,3,2,8,6,4,6,6,7,4,5,6,5,8,6,6,7,3
2019-10-08 07:54:17,2019-10-08 08:35:30,IP Address,129.21.181.221,100,2472,True,2019-10-08 08:35:31,R_3NxmUJLXs9cLjH2,,,,,43.0800933837890625,-77.6342010498046875,anonymous,EN,NB,,,,,,,,,,,,,,,,,,,,,,,,,,,,,,,,,,,,,,,,,,,,,,,,,,,,,,,,,,,,,,,,,,,,,,,,,,,,,,,,,,,,,,,,,,,,,,,,,,,,,,,,,,,,,,,,,,,,,,,,,,,,,,,,,,,,,,,,,,,,,,,,,,,,,,,,,,,,,,,,,nb1008,25,male,Right-handed,no,,,,,,,,,,,,,,,,,,,,,,,,,,,,,,,,,,,,,,,,,,,,,,,,,,,,,,,,,,,,,,,,,,,,,,,,,,,,,,,,,,,,,,,,,,,,,,,,,,,,,,,,,,,,,,,,,,,,,,,,,,,,,,,,,,,,,,,,,,,,,,,,,,,,,,,,,,,,,,,,,5,9,5,7,7,3,5,9,5,3,7,5,9,7,5,9,5,9,9,9,9,7,5,3,5,7,5,9,7,7,5,9,9,7,7,9,9,7,5,9,5,9,7,9,5,9,5,9,7,7,7,7,5,9,9,7,9,9,5,9,5,9,7,9,5,9,9,9,5,9,9,9,5,9,5,9,5,9,7,5,9,5,5,9,5,7,5,9,5,9,5,9,7,7,7,3,9,3,5,9,5,9,5,9,9,7,5,9,9,5,5,9,7,9,7,5,5,9,6,9,5,9,5,9,7,9,5,9,5,9,3,9,1,1,5,9,5,3,3,5,7,5,5,9,5,9,7,3,5,9,5,9,5,9,5,9,3,7,5,1
2019-10-08 13:33:35,2019-10-08 13:50:08,IP Address,129.21.181.221,100,993,True,2019-10-08 13:50:10,R_2cAEdccPF1Y5YfH,,,,,43.0800933837890625,-77.6342010498046875,anonymous,EN,Pilot A,6,4,3,5,1,2,4,5,5,5,4,2,1,1,2,5,5,4,1,4,5,5,3,4,5,5,3,3,4,4,5,6,3,7,3,5,3,5,6,2,3,5,3,6,3,4,4,4,4,4,3,6,5,7,6,5,1,2,4,4,3,5,1,5,3,9,3,4,7,4,7,4,3,5,4,6,4,4,3,5,3,5,4,4,2,3,7,4,2,5,4,5,3,7,3,4,2,2,3,5,7,5,1,5,1,3,1,1,5,4,3,5,3,2,4,4,5,5,5,3,6,3,5,5,6,5,3,5,5,5,5,5,5,4,5,5,5,4,5,5,6,5,7,5,6,7,6,5,5,5,7,5,7,5,5,5,7,5,6,5,pilota1008,19,Male,Right-handed,No,,,,,,,,,,,,,,,,,,,,,,,,,,,,,,,,,,,,,,,,,,,,,,,,,,,,,,,,,,,,,,,,,,,,,,,,,,,,,,,,,,,,,,,,,,,,,,,,,,,,,,,,,,,,,,,,,,,,,,,,,,,,,,,,,,,,,,,,,,,,,,,,,,,,,,,,,,,,,,,,,,,,,,,,,,,,,,,,,,,,,,,,,,,,,,,,,,,,,,,,,,,,,,,,,,,,,,,,,,,,,,,,,,,,,,,,,,,,,,,,,,,,,,,,,,,,,,,,,,,,,,,,,,,,,,,,,,,,,,,,,,,,,,,,,,,,,,,,,,,,,,,,,,,,,,,,,,,,,,,,
2019-10-08 14:36:59,2019-10-08 15:14:13,IP Address,129.21.181.221,100,2233,True,2019-10-08 15:14:14,R_x0jpzEFzBQ00CiJ,,,,,43.0800933837890625,-77.6342010498046875,anonymous,EN,Pilot B,7,5,3,2,1,2,1,4,5,7,3,3,2,3,3,1,8,3,3,4,2,2,1,1,9,6,3,3,5,6,4,4,3,2,2,6,6,8,8,8,3,5,2,2,2,2,3,3,3,2,2,1,2,1,9,9,7,8,7,8,1,1,1,3,1,4,1,1,9,5,3,6,1,5,1,1,2,3,3,3,1,1,3,5,1,3,9,6,2,3,8,3,1,1,2,5,9,6,2,4,9,9,1,1,1,1,1,1,9,9,1,3,9,5,3,2,6,6,9,9,9,9,9,5,9,9,6,6,9,9,3,4,3,4,9,9,3,5,7,3,9,9,9,9,3,7,9,9,9,9,9,9,3,5,5,5,3,4,7,3,pilotb1008,18,female,Left-handed,no,,,,,,,,,,,,,,,,,,,,,,,,,,,,,,,,,,,,,,,,,,,,,,,,,,,,,,,,,,,,,,,,,,,,,,,,,,,,,,,,,,,,,,,,,,,,,,,,,,,,,,,,,,,,,,,,,,,,,,,,,,,,,,,,,,,,,,,,,,,,,,,,,,,,,,,,,,,,,,,,,,,,,,,,,,,,,,,,,,,,,,,,,,,,,,,,,,,,,,,,,,,,,,,,,,,,,,,,,,,,,,,,,,,,,,,,,,,,,,,,,,,,,,,,,,,,,,,,,,,,,,,,,,,,,,,,,,,,,,,,,,,,,,,,,,,,,,,,,,,,,,,,,,,,,,,,,,,,,,,,
2019-10-10 09:56:37,2019-10-10 10:38:24,IP Address,129.21.181.221,100,2507,True,2019-10-10 10:38:25,R_1etx38NuLbOrlgg,,,,,43.0800933837890625,-77.6342010498046875,anonymous,EN,NA,,,,,,,,,,,,,,,,,,,,,,,,,,,,,,,,,,,,,,,,,,,,,,,,,,,,,,,,,,,,,,,,,,,,,,,,,,,,,,,,,,,,,,,,,,,,,,,,,,,,,,,,,,,,,,,,,,,,,,,,,,,,,,,,,,,,,,,,,,,,,,,,,,,,,,,,,,,,,,,,,na1010,18,female,Right-handed,no,,,,,,,,,,,,,,,,,,,,,,,,,,,,,,,,,,,,,,,,,,,,,,,,,,,,,,,,,,,,,,,,,,,,,,,,,,,,,,,,,,,,,,,,,,,,,,,,,,,,,,,,,,,,,,,,,,,,,,,,,,,,,,,,,,,,,,,,,,,,,,,,,,,,,,,,,,,,,,,,,7,5,7,5,7,5,7,5,4,5,7,5,7,5,7,5,3,4,7,5,7,5,7,5,3,4,7,5,7,6,3,5,7,5,7,5,7,5,5,5,5,5,6,5,6,5,4,5,6,5,5,5,4,5,6,5,6,5,6,4,3,4,7,5,4,5,6,5,6,5,7,5,6,5,7,5,9,4,6,5,3,4,7,5,8,6,4,4,5,5,4,4,6,5,6,5,6,5,6,5,5,5,6,5,6,5,4,5,6,5,1,3,7,5,7,4,3,3,6,5,5,5,6,5,5,5,1,4,2,3,5,5,5,5,6,5,2,1,5,5,6,5,5,5,5,5,4,5,6,6,6,5,5,5,5,5,1,2,4,5
2019-10-10 11:15:22,2019-10-10 11:32:49,IP Address,129.21.181.221,100,1047,True,2019-10-10 11:32:50,R_ulzBY2o2FUFfgw9,,,,,43.0800933837890625,-77.6342010498046875,anonymous,EN,NB,,,,,,,,,,,,,,,,,,,,,,,,,,,,,,,,,,,,,,,,,,,,,,,,,,,,,,,,,,,,,,,,,,,,,,,,,,,,,,,,,,,,,,,,,,,,,,,,,,,,,,,,,,,,,,,,,,,,,,,,,,,,,,,,,,,,,,,,,,,,,,,,,,,,,,,,,,,,,,,,,nb1010,18,male,Right-handed,no,,,,,,,,,,,,,,,,,,,,,,,,,,,,,,,,,,,,,,,,,,,,,,,,,,,,,,,,,,,,,,,,,,,,,,,,,,,,,,,,,,,,,,,,,,,,,,,,,,,,,,,,,,,,,,,,,,,,,,,,,,,,,,,,,,,,,,,,,,,,,,,,,,,,,,,,,,,,,,,,,7,4,8,2,9,7,9,6,4,5,9,3,7,4,6,3,5,3,7,5,9,7,8,1,6,4,6,3,8,4,5,5,9,4,8,5,7,5,7,4,7,5,6,4,9,3,5,5,7,3,7,4,5,4,6,8,7,4,7,3,5,4,6,5,5,7,6,8,7,3,7,7,5,6,7,3,4,5,7,3,5,6,8,4,9,5,5,3,7,4,6,3,6,3,6,2,5,7,6,8,5,5,6,5,7,3,6,2,8,1,5,4,8,7,8,5,6,5,7,6,5,5,5,3,6,4,5,4,5,4,5,5,5,5,6,5,4,5,5,5,6,4,7,4,3,5,5,7,5,5,5,4,5,5,5,4,5,4,5,5
2019-10-10 14:27:55,2019-10-10 15:09:38,IP Address,129.21.181.221,100,2502,True,2019-10-10 15:09:39,R_3QVyBCFWohmrovn,,,,,43.0800933837890625,-77.6342010498046875,anonymous,EN,Pilot A,9,4,2,5,1,5,4,6,6,6,3,4,1,5,3,5,7,3,3,5,3,5,3,3,6,5,3,4,5,4,6,3,3,3,3,7,4,4,7,4,3,7,3,4,3,3,3,5,3,8,3,3,3,5,5,5,3,2,5,4,2,3,3,6,3,7,3,4,7,4,5,6,3,9,3,4,5,5,6,4,4,4,3,3,3,8,6,5,3,9,5,4,2,5,3,7,7,4,3,7,7,6,2,7,3,3,2,6,7,7,2,4,5,3,5,3,6,4,5,4,9,4,7,4,5,4,4,4,7,3,5,5,5,5,7,4,5,5,6,5,6,4,7,5,5,5,7,5,7,5,7,5,7,5,5,5,7,5,7,4,pilota1010,19,Female,Right-handed,No,,,,,,,,,,,,,,,,,,,,,,,,,,,,,,,,,,,,,,,,,,,,,,,,,,,,,,,,,,,,,,,,,,,,,,,,,,,,,,,,,,,,,,,,,,,,,,,,,,,,,,,,,,,,,,,,,,,,,,,,,,,,,,,,,,,,,,,,,,,,,,,,,,,,,,,,,,,,,,,,,,,,,,,,,,,,,,,,,,,,,,,,,,,,,,,,,,,,,,,,,,,,,,,,,,,,,,,,,,,,,,,,,,,,,,,,,,,,,,,,,,,,,,,,,,,,,,,,,,,,,,,,,,,,,,,,,,,,,,,,,,,,,,,,,,,,,,,,,,,,,,,,,,,,,,,,,,,,,,,,
2019-10-15 10:00:30,2019-10-15 10:46:10,IP Address,129.21.181.221,100,2739,True,2019-10-15 10:46:11,R_22S29UVclJDsalA,,,,,43.0800933837890625,-77.6342010498046875,anonymous,EN,Pilot B,7,7,3,7,3,7,5,6,1,3,2,3,3,6,3,3,5,5,3,5,4,8,2,5,4,2,4,4,9,3,5,4,3,6,4,7,3,5,6,5,3,5,2,4,1,1,9,3,2,9,8,4,2,6,7,3,2,3,4,5,3,4,8,3,3,5,3,5,7,2,4,6,3,2,2,3,8,3,4,5,2,5,1,1,1,3,8,3,2,6,5,5,3,5,2,4,3,4,2,5,3,7,3,3,5,3,2,3,5,5,3,4,5,4,2,3,8,2,6,3,9,1,7,3,7,4,3,3,5,5,5,5,4,7,5,5,1,2,5,5,7,2,7,5,6,4,3,3,4,5,6,5,8,4,9,3,2,3,2,3,pilotb1015,20,Non-Binary,Right-handed,No,,,,,,,,,,,,,,,,,,,,,,,,,,,,,,,,,,,,,,,,,,,,,,,,,,,,,,,,,,,,,,,,,,,,,,,,,,,,,,,,,,,,,,,,,,,,,,,,,,,,,,,,,,,,,,,,,,,,,,,,,,,,,,,,,,,,,,,,,,,,,,,,,,,,,,,,,,,,,,,,,,,,,,,,,,,,,,,,,,,,,,,,,,,,,,,,,,,,,,,,,,,,,,,,,,,,,,,,,,,,,,,,,,,,,,,,,,,,,,,,,,,,,,,,,,,,,,,,,,,,,,,,,,,,,,,,,,,,,,,,,,,,,,,,,,,,,,,,,,,,,,,,,,,,,,,,,,,,,,,,
2019-10-17 07:19:25,2019-10-17 08:00:48,IP Address,129.21.181.221,100,2482,True,2019-10-17 08:00:48,R_2afCCVbzC27s2l3,,,,,43.0800933837890625,-77.6342010498046875,anonymous,EN,NA,,,,,,,,,,,,,,,,,,,,,,,,,,,,,,,,,,,,,,,,,,,,,,,,,,,,,,,,,,,,,,,,,,,,,,,,,,,,,,,,,,,,,,,,,,,,,,,,,,,,,,,,,,,,,,,,,,,,,,,,,,,,,,,,,,,,,,,,,,,,,,,,,,,,,,,,,,,,,,,,,na1017,19,female,Right-handed,no,,,,,,,,,,,,,,,,,,,,,,,,,,,,,,,,,,,,,,,,,,,,,,,,,,,,,,,,,,,,,,,,,,,,,,,,,,,,,,,,,,,,,,,,,,,,,,,,,,,,,,,,,,,,,,,,,,,,,,,,,,,,,,,,,,,,,,,,,,,,,,,,,,,,,,,,,,,,,,,,,9,2,9,1,9,4,9,6,5,2,9,7,7,2,7,1,5,6,8,5,9,1,9,1,5,3,9,5,9,6,3,5,9,6,9,2,9,7,8,3,9,1,7,4,9,5,4,4,9,1,6,3,5,5,8,7,8,2,9,3,5,4,8,5,7,8,9,8,9,3,9,5,7,6,8,4,5,5,9,5,7,6,9,1,9,5,4,3,9,1,3,3,9,1,9,1,7,7,9,8,7,4,7,3,9,2,5,2,9,3,7,5,9,8,9,3,6,5,8,6,7,2,7,3,7,5,5,5,6,5,4,5,5,5,4,4,5,5,5,5,6,2,9,4,5,5,4,3,6,5,6,5,6,5,5,5,5,5,3,4
2019-10-17 12:07:47,2019-10-17 12:18:56,IP Address,129.21.181.221,100,668,True,2019-10-17 12:18:57,R_2WBF3rB4eKJqUCF,,,,,43.0800933837890625,-77.6342010498046875,anonymous,EN,NB,,,,,,,,,,,,,,,,,,,,,,,,,,,,,,,,,,,,,,,,,,,,,,,,,,,,,,,,,,,,,,,,,,,,,,,,,,,,,,,,,,,,,,,,,,,,,,,,,,,,,,,,,,,,,,,,,,,,,,,,,,,,,,,,,,,,,,,,,,,,,,,,,,,,,,,,,,,,,,,,,nb1017,18,Male,Right-handed,No,,,,,,,,,,,,,,,,,,,,,,,,,,,,,,,,,,,,,,,,,,,,,,,,,,,,,,,,,,,,,,,,,,,,,,,,,,,,,,,,,,,,,,,,,,,,,,,,,,,,,,,,,,,,,,,,,,,,,,,,,,,,,,,,,,,,,,,,,,,,,,,,,,,,,,,,,,,,,,,,,6,8,6,7,8,5,7,7,5,8,7,7,7,4,6,4,4,6,6,8,7,8,5,6,5,8,5,7,8,6,4,8,7,7,8,7,7,6,6,8,6,6,6,8,6,6,5,9,6,5,5,8,5,9,6,9,6,8,6,6,5,7,6,7,5,8,7,7,6,7,6,8,5,8,7,7,4,7,7,6,5,8,8,4,9,3,2,6,8,5,3,5,7,2,7,1,6,8,7,6,5,8,7,4,7,5,5,2,7,6,4,9,7,7,8,6,3,7,8,7,4,8,5,8,6,7,3,7,5,8,5,8,4,8,4,8,5,8,4,7,4,6,7,6,4,8,6,6,5,6,6,5,5,7,5,8,5,8,4,6
2019-10-17 12:57:08,2019-10-17 13:09:00,IP Address,129.21.181.221,100,712,True,2019-10-17 13:09:01,R_1mf1s6UbroeOX85,,,,,43.0800933837890625,-77.6342010498046875,anonymous,EN,NB,,,,,,,,,,,,,,,,,,,,,,,,,,,,,,,,,,,,,,,,,,,,,,,,,,,,,,,,,,,,,,,,,,,,,,,,,,,,,,,,,,,,,,,,,,,,,,,,,,,,,,,,,,,,,,,,,,,,,,,,,,,,,,,,,,,,,,,,,,,,,,,,,,,,,,,,,,,,,,,,,nb1018,18,female,Right-handed,no,,,,,,,,,,,,,,,,,,,,,,,,,,,,,,,,,,,,,,,,,,,,,,,,,,,,,,,,,,,,,,,,,,,,,,,,,,,,,,,,,,,,,,,,,,,,,,,,,,,,,,,,,,,,,,,,,,,,,,,,,,,,,,,,,,,,,,,,,,,,,,,,,,,,,,,,,,,,,,,,,7,3,8,1,9,3,9,7,5,3,9,8,7,3,9,2,6,4,6,8,9,3,9,2,7,6,8,3,9,4,5,5,9,2,7,4,8,3,6,5,9,4,7,3,9,2,5,5,8,4,6,6,5,7,7,8,8,1,8,4,5,3,8,5,6,7,7,8,8,3,6,7,5,5,8,4,4,5,7,4,7,5,8,1,8,1,4,3,7,3,7,1,9,1,8,1,6,5,7,6,5,5,7,7,8,2,8,1,9,3,7,5,9,9,8,4,8,5,7,4,4,2,7,2,6,4,5,5,3,5,2,4,3,2,4,5,2,3,4,3,6,4,5,5,3,7,7,3,6,4,7,2,5,5,3,5,7,3,4,2
2019-10-22 07:00:19,2019-10-22 07:48:55,IP Address,129.21.181.221,100,2915,True,2019-10-22 07:48:56,R_3D1hXflIyRPlhrh,,,,,43.0800933837890625,-77.6342010498046875,anonymous,EN,Pilot A,9,1,3,3,1,7,3,5,4,7,3,3,2,4,2,1,7,2,4,3,3,8,1,1,6,6,1,4,2,2,4,4,1,2,3,7,3,6,8,3,3,4,3,5,3,2,5,6,3,7,1,3,4,7,5,7,2,2,5,5,2,3,3,6,1,3,2,4,6,5,7,6,3,5,3,4,3,6,5,9,3,5,5,6,3,5,6,4,3,8,4,3,1,2,3,5,5,2,1,1,7,3,2,2,3,3,3,2,5,7,2,3,7,5,6,6,3,5,2,3,6,6,7,4,6,5,5,6,5,5,4,6,4,4,7,4,3,5,6,6,6,4,7,4,4,6,7,3,7,7,7,6,7,5,5,6,6,5,3,5,pilota1022,18,Female,Right-handed,No,,,,,,,,,,,,,,,,,,,,,,,,,,,,,,,,,,,,,,,,,,,,,,,,,,,,,,,,,,,,,,,,,,,,,,,,,,,,,,,,,,,,,,,,,,,,,,,,,,,,,,,,,,,,,,,,,,,,,,,,,,,,,,,,,,,,,,,,,,,,,,,,,,,,,,,,,,,,,,,,,,,,,,,,,,,,,,,,,,,,,,,,,,,,,,,,,,,,,,,,,,,,,,,,,,,,,,,,,,,,,,,,,,,,,,,,,,,,,,,,,,,,,,,,,,,,,,,,,,,,,,,,,,,,,,,,,,,,,,,,,,,,,,,,,,,,,,,,,,,,,,,,,,,,,,,,,,,,,,,,
2019-10-22 07:49:55,2019-10-22 08:36:05,IP Address,129.21.181.221,100,2770,True,2019-10-22 08:36:06,R_xxYL0sv79iBnfFv,,,,,43.0800933837890625,-77.6342010498046875,anonymous,EN,Pilot B,7,2,1,1,1,4,1,9,5,1,2,3,1,7,1,1,5,1,3,9,4,8,1,1,6,7,3,3,5,3,3,6,1,3,3,3,1,5,9,4,1,5,3,4,3,1,5,5,3,9,3,5,5,5,5,5,1,1,5,5,1,1,4,4,1,5,3,2,7,1,7,9,1,7,1,3,3,9,3,4,1,1,3,6,3,6,5,5,3,7,5,3,3,5,3,5,5,1,1,3,5,5,1,4,1,1,2,3,5,5,1,3,5,1,5,1,5,9,7,7,5,5,5,3,7,9,3,5,5,5,5,5,3,5,7,1,4,2,5,5,5,1,9,5,3,9,3,5,5,5,7,3,5,1,5,9,5,1,7,1,pilotb1022,18,Male,Right-handed,No,,,,,,,,,,,,,,,,,,,,,,,,,,,,,,,,,,,,,,,,,,,,,,,,,,,,,,,,,,,,,,,,,,,,,,,,,,,,,,,,,,,,,,,,,,,,,,,,,,,,,,,,,,,,,,,,,,,,,,,,,,,,,,,,,,,,,,,,,,,,,,,,,,,,,,,,,,,,,,,,,,,,,,,,,,,,,,,,,,,,,,,,,,,,,,,,,,,,,,,,,,,,,,,,,,,,,,,,,,,,,,,,,,,,,,,,,,,,,,,,,,,,,,,,,,,,,,,,,,,,,,,,,,,,,,,,,,,,,,,,,,,,,,,,,,,,,,,,,,,,,,,,,,,,,,,,,,,,,,,,
2019-10-22 08:42:45,2019-10-22 09:22:13,IP Address,129.21.181.221,100,2367,True,2019-10-22 09:22:14,R_1I9HlhWklgV6Xl0,,,,,43.0800933837890625,-77.6342010498046875,anonymous,EN,NA,,,,,,,,,,,,,,,,,,,,,,,,,,,,,,,,,,,,,,,,,,,,,,,,,,,,,,,,,,,,,,,,,,,,,,,,,,,,,,,,,,,,,,,,,,,,,,,,,,,,,,,,,,,,,,,,,,,,,,,,,,,,,,,,,,,,,,,,,,,,,,,,,,,,,,,,,,,,,,,,,na1022,20,Female,Right-handed,no,,,,,,,,,,,,,,,,,,,,,,,,,,,,,,,,,,,,,,,,,,,,,,,,,,,,,,,,,,,,,,,,,,,,,,,,,,,,,,,,,,,,,,,,,,,,,,,,,,,,,,,,,,,,,,,,,,,,,,,,,,,,,,,,,,,,,,,,,,,,,,,,,,,,,,,,,,,,,,,,,9,5,9,1,9,5,9,5,5,5,9,9,5,5,5,5,5,5,9,5,9,5,9,5,7,5,9,5,7,5,5,5,9,5,9,5,9,5,5,5,9,3,7,3,9,9,5,5,9,3,7,7,5,5,9,6,9,6,9,6,5,5,7,5,5,5,9,5,7,4,5,5,5,5,9,5,5,3,9,6,7,5,9,5,5,6,5,5,9,5,5,5,9,5,9,5,5,5,9,6,5,5,9,7,9,5,5,5,9,5,5,7,9,7,9,5,5,5,9,6,5,5,7,5,5,5,5,5,5,5,5,5,5,5,5,5,3,3,5,5,7,5,5,5,5,5,7,7,5,5,5,5,5,5,5,5,7,5,5,5
2019-10-22 10:02:00,2019-10-22 10:45:51,IP Address,129.21.181.221,100,2631,True,2019-10-22 10:45:52,R_24dSdySjwZEV8G8,,,,,43.0800933837890625,-77.6342010498046875,anonymous,EN,NB,,,,,,,,,,,,,,,,,,,,,,,,,,,,,,,,,,,,,,,,,,,,,,,,,,,,,,,,,,,,,,,,,,,,,,,,,,,,,,,,,,,,,,,,,,,,,,,,,,,,,,,,,,,,,,,,,,,,,,,,,,,,,,,,,,,,,,,,,,,,,,,,,,,,,,,,,,,,,,,,,nb1022,18,Male,Left-handed,No,,,,,,,,,,,,,,,,,,,,,,,,,,,,,,,,,,,,,,,,,,,,,,,,,,,,,,,,,,,,,,,,,,,,,,,,,,,,,,,,,,,,,,,,,,,,,,,,,,,,,,,,,,,,,,,,,,,,,,,,,,,,,,,,,,,,,,,,,,,,,,,,,,,,,,,,,,,,,,,,,8,1,9,1,9,5,7,7,5,7,9,6,7,5,9,3,5,5,9,7,9,4,9,1,6,8,7,3,9,3,5,9,7,5,7,7,6,7,6,7,8,4,7,9,8,3,5,9,8,4,6,8,6,8,7,9,8,7,9,5,5,4,7,8,7,7,7,6,9,1,7,9,5,9,7,6,5,7,7,8,6,5,9,1,7,3,5,3,8,4,5,5,7,5,9,1,5,9,8,9,5,9,8,7,7,7,8,3,9,1,6,8,9,9,9,4,6,6,9,7,5,4,7,4,7,7,5,9,5,9,5,9,5,7,7,5,3,5,5,9,6,7,9,5,5,8,7,5,5,7,7,7,6,5,5,8,7,4,6,4
2019-10-22 11:25:56,2019-10-22 11:38:26,IP Address,129.21.181.221,100,750,True,2019-10-22 11:38:27,R_RUcXrr2LaIhDyPD,,,,,43.0800933837890625,-77.6342010498046875,anonymous,EN,Pilot A,7,4,3,5,1,9,2,7,5,5,3,3,2,7,2,5,5,4,3,9,4,7,1,2,6,5,1,4,3,5,5,5,1,3,3,7,3,9,7,6,3,5,3,5,3,3,5,5,3,7,3,7,3,7,5,4,2,3,4,3,1,3,3,5,3,3,3,4,7,2,3,5,2,7,2,4,2,6,4,4,1,1,3,5,3,5,7,4,2,9,3,3,1,5,3,5,5,4,2,4,7,6,3,4,2,2,2,3,7,5,2,3,7,1,4,2,3,7,5,5,5,5,5,3,6,7,1,5,3,8,3,5,3,4,7,5,3,4,3,3,8,6,9,5,3,5,3,3,6,8,6,5,5,8,5,7,6,5,5,3,pilota1023,20,Male,Right-handed,No,,,,,,,,,,,,,,,,,,,,,,,,,,,,,,,,,,,,,,,,,,,,,,,,,,,,,,,,,,,,,,,,,,,,,,,,,,,,,,,,,,,,,,,,,,,,,,,,,,,,,,,,,,,,,,,,,,,,,,,,,,,,,,,,,,,,,,,,,,,,,,,,,,,,,,,,,,,,,,,,,,,,,,,,,,,,,,,,,,,,,,,,,,,,,,,,,,,,,,,,,,,,,,,,,,,,,,,,,,,,,,,,,,,,,,,,,,,,,,,,,,,,,,,,,,,,,,,,,,,,,,,,,,,,,,,,,,,,,,,,,,,,,,,,,,,,,,,,,,,,,,,,,,,,,,,,,,,,,,,,
2019-10-22 12:39:42,2019-10-22 12:51:03,IP Address,129.21.181.221,100,680,True,2019-10-22 12:51:04,R_2e81Xc87EVubkzW,,,,,43.0800933837890625,-77.6342010498046875,anonymous,EN,Pilot B,9,9,3,5,1,4,1,2,5,5,3,5,1,1,2,2,5,5,3,5,1,1,1,1,9,9,1,1,5,5,1,2,1,1,5,1,5,5,9,9,3,5,3,1,1,1,5,5,1,5,1,1,3,1,5,9,1,1,5,5,1,1,1,1,1,3,1,4,5,6,5,5,1,5,1,1,1,1,5,5,1,1,1,1,3,3,9,9,2,3,6,3,1,1,5,5,9,5,1,5,9,5,1,1,1,1,1,1,9,9,1,1,9,1,3,1,5,5,4,3,5,5,5,2,9,5,5,5,5,5,5,5,5,1,9,9,5,3,5,5,9,5,9,9,5,5,9,5,5,5,9,7,5,5,5,5,5,4,5,2,pilotb1023,18,female,Right-handed,hearing,,,,,,,,,,,,,,,,,,,,,,,,,,,,,,,,,,,,,,,,,,,,,,,,,,,,,,,,,,,,,,,,,,,,,,,,,,,,,,,,,,,,,,,,,,,,,,,,,,,,,,,,,,,,,,,,,,,,,,,,,,,,,,,,,,,,,,,,,,,,,,,,,,,,,,,,,,,,,,,,,,,,,,,,,,,,,,,,,,,,,,,,,,,,,,,,,,,,,,,,,,,,,,,,,,,,,,,,,,,,,,,,,,,,,,,,,,,,,,,,,,,,,,,,,,,,,,,,,,,,,,,,,,,,,,,,,,,,,,,,,,,,,,,,,,,,,,,,,,,,,,,,,,,,,,,,,,,,,,,,
2019-10-22 15:12:32,2019-10-22 15:48:43,IP Address,129.21.181.221,100,2170,True,2019-10-22 15:48:43,R_1jH9HmDIrSurbTs,,,,,43.0800933837890625,-77.6342010498046875,anonymous,EN,NA,,,,,,,,,,,,,,,,,,,,,,,,,,,,,,,,,,,,,,,,,,,,,,,,,,,,,,,,,,,,,,,,,,,,,,,,,,,,,,,,,,,,,,,,,,,,,,,,,,,,,,,,,,,,,,,,,,,,,,,,,,,,,,,,,,,,,,,,,,,,,,,,,,,,,,,,,,,,,,,,,na1023,18,female,Right-handed,no,,,,,,,,,,,,,,,,,,,,,,,,,,,,,,,,,,,,,,,,,,,,,,,,,,,,,,,,,,,,,,,,,,,,,,,,,,,,,,,,,,,,,,,,,,,,,,,,,,,,,,,,,,,,,,,,,,,,,,,,,,,,,,,,,,,,,,,,,,,,,,,,,,,,,,,,,,,,,,,,,7,8,9,7,7,6,9,8,5,5,7,7,8,7,7,5,5,5,7,7,8,8,7,3,7,6,6,4,6,6,5,5,7,6,8,7,7,5,5,5,7,6,7,5,5,5,5,5,7,4,7,4,5,5,7,4,8,4,5,4,4,5,7,5,6,5,7,5,7,4,5,6,5,5,6,4,4,5,8,4,5,5,8,3,7,4,5,5,6,4,6,6,5,4,6,4,6,6,7,4,5,5,6,4,6,2,5,5,6,4,5,5,7,4,7,4,5,5,7,7,3,6,5,5,7,4,5,5,5,5,5,5,5,5,6,4,5,5,7,5,6,4,8,5,5,5,6,6,5,5,6,4,5,5,6,4,5,5,5,5
2019-10-24 06:59:09,2019-10-24 07:51:14,IP Address,129.21.181.221,100,3124,True,2019-10-24 07:51:15,R_246RRySjBQSiXuw,,,,,43.0800933837890625,-77.6342010498046875,anonymous,EN,NB,,,,,,,,,,,,,,,,,,,,,,,,,,,,,,,,,,,,,,,,,,,,,,,,,,,,,,,,,,,,,,,,,,,,,,,,,,,,,,,,,,,,,,,,,,,,,,,,,,,,,,,,,,,,,,,,,,,,,,,,,,,,,,,,,,,,,,,,,,,,,,,,,,,,,,,,,,,,,,,,,nb1024,18,Male,Right-handed,No,,,,,,,,,,,,,,,,,,,,,,,,,,,,,,,,,,,,,,,,,,,,,,,,,,,,,,,,,,,,,,,,,,,,,,,,,,,,,,,,,,,,,,,,,,,,,,,,,,,,,,,,,,,,,,,,,,,,,,,,,,,,,,,,,,,,,,,,,,,,,,,,,,,,,,,,,,,,,,,,,6,7,9,5,9,2,7,4,5,5,9,3,6,9,4,2,4,3,7,7,9,4,5,5,7,3,5,4,7,5,3,4,8,4,7,6,7,5,7,4,5,8,6,7,9,6,3,5,7,4,6,7,5,5,7,9,7,4,7,5,2,2,5,4,4,7,8,3,6,4,7,4,4,3,5,3,5,5,6,5,4,2,8,3,9,5,1,1,9,8,5,5,7,6,6,5,5,5,7,4,6,6,7,7,6,5,5,5,7,4,5,5,7,6,7,4,5,6,8,6,7,2,7,3,5,5,5,5,4,3,4,5,1,1,5,5,5,6,5,5,6,7,9,4,4,4,7,6,6,7,6,8,6,6,2,2,5,5,5,3
2019-10-24 08:21:31,2019-10-24 08:35:43,IP Address,129.21.181.221,100,851,True,2019-10-24 08:35:44,R_3RwsxohFeMhoWBW,,,,,43.0800933837890625,-77.6342010498046875,anonymous,EN,Pilot A,5,9,2,6,2,9,3,8,5,5,3,7,3,7,3,6,4,7,5,9,3,8,1,7,7,5,4,8,4,8,5,9,3,6,6,6,3,8,6,3,2,6,4,8,3,6,3,6,3,7,2,7,1,6,5,9,1,7,3,5,2,4,2,5,2,7,1,7,7,4,5,9,2,6,3,7,2,3,3,6,2,4,3,6,2,5,4,5,3,9,3,6,3,5,4,8,7,3,3,7,5,9,3,8,4,5,3,7,5,9,5,9,6,4,3,8,3,7,4,8,4,8,3,7,6,3,3,8,3,7,3,7,3,5,5,5,4,7,3,7,7,1,7,3,3,7,3,7,5,9,5,3,5,6,3,7,5,9,3,6,pilota1024,20,male,Right-handed,no,,,,,,,,,,,,,,,,,,,,,,,,,,,,,,,,,,,,,,,,,,,,,,,,,,,,,,,,,,,,,,,,,,,,,,,,,,,,,,,,,,,,,,,,,,,,,,,,,,,,,,,,,,,,,,,,,,,,,,,,,,,,,,,,,,,,,,,,,,,,,,,,,,,,,,,,,,,,,,,,,,,,,,,,,,,,,,,,,,,,,,,,,,,,,,,,,,,,,,,,,,,,,,,,,,,,,,,,,,,,,,,,,,,,,,,,,,,,,,,,,,,,,,,,,,,,,,,,,,,,,,,,,,,,,,,,,,,,,,,,,,,,,,,,,,,,,,,,,,,,,,,,,,,,,,,,,,,,,,,,
2019-10-24 09:06:15,2019-10-24 09:15:51,IP Address,129.21.181.221,100,575,True,2019-10-24 09:15:52,R_pgd3qvQYImWtalH,,,,,43.0800933837890625,-77.6342010498046875,anonymous,EN,Pilot B,8,3,3,2,1,7,1,1,5,2,3,3,1,4,3,5,5,5,4,3,3,8,1,1,8,3,1,2,3,1,3,3,3,5,3,5,3,6,6,4,1,3,1,5,3,3,5,9,3,9,4,9,2,7,5,9,3,5,5,9,3,3,1,7,1,6,3,7,5,9,7,7,3,9,2,5,1,4,5,9,3,3,6,6,3,6,7,3,3,9,5,9,3,7,5,9,5,1,4,3,9,2,2,2,2,1,3,3,7,5,1,2,5,1,5,1,5,9,7,5,5,3,5,9,4,5,5,9,5,9,3,9,6,9,8,3,5,3,7,4,9,3,9,2,5,9,6,4,3,3,5,9,5,9,8,1,5,9,7,3,pilotb1024,18,Female,Right-handed,no,,,,,,,,,,,,,,,,,,,,,,,,,,,,,,,,,,,,,,,,,,,,,,,,,,,,,,,,,,,,,,,,,,,,,,,,,,,,,,,,,,,,,,,,,,,,,,,,,,,,,,,,,,,,,,,,,,,,,,,,,,,,,,,,,,,,,,,,,,,,,,,,,,,,,,,,,,,,,,,,,,,,,,,,,,,,,,,,,,,,,,,,,,,,,,,,,,,,,,,,,,,,,,,,,,,,,,,,,,,,,,,,,,,,,,,,,,,,,,,,,,,,,,,,,,,,,,,,,,,,,,,,,,,,,,,,,,,,,,,,,,,,,,,,,,,,,,,,,,,,,,,,,,,,,,,,,,,,,,,,
2019-10-24 10:44:31,2019-10-24 13:09:34,IP Address,129.21.181.221,100,8702,True,2019-10-24 13:09:35,R_VU0oqd4UuE7lEmB,,,,,43.0800933837890625,-77.6342010498046875,anonymous,EN,NA,,,,,,,,,,,,,,,,,,,,,,,,,,,,,,,,,,,,,,,,,,,,,,,,,,,,,,,,,,,,,,,,,,,,,,,,,,,,,,,,,,,,,,,,,,,,,,,,,,,,,,,,,,,,,,,,,,,,,,,,,,,,,,,,,,,,,,,,,,,,,,,,,,,,,,,,,,,,,,,,,na1024,20,female,Right-handed,no,,,,,,,,,,,,,,,,,,,,,,,,,,,,,,,,,,,,,,,,,,,,,,,,,,,,,,,,,,,,,,,,,,,,,,,,,,,,,,,,,,,,,,,,,,,,,,,,,,,,,,,,,,,,,,,,,,,,,,,,,,,,,,,,,,,,,,,,,,,,,,,,,,,,,,,,,,,,,,,,,7,5,6,4,6,4,6,4,5,5,7,7,7,4,7,3,5,5,7,5,7,3,7,4,5,5,7,4,7,5,7,5,7,3,9,2,7,3,5,5,9,2,9,2,9,1,5,5,7,5,9,3,5,9,7,4,6,5,7,5,5,9,7,7,5,9,7,5,6,5,7,6,7,7,8,5,6,8,7,6,7,5,8,3,8,3,6,7,8,3,6,7,8,3,8,3,6,5,7,7,7,7,7,6,6,6,6,8,7,5,6,9,7,7,7,5,7,5,9,5,9,6,9,6,7,5,5,9,6,9,6,8,6,6,6,7,7,7,9,6,8,5,7,7,5,9,7,7,7,8,7,6,6,6,5,9,7,7,7,6
2019-10-28 12:14:03,2019-10-28 12:59:34,IP Address,129.21.181.221,100,2725,True,2019-10-28 12:59:47,R_2dyjjhPEs07h0PP,,,,,43.0800933837890625,-77.6342010498046875,anonymous,EN,NB,,,,,,,,,,,,,,,,,,,,,,,,,,,,,,,,,,,,,,,,,,,,,,,,,,,,,,,,,,,,,,,,,,,,,,,,,,,,,,,,,,,,,,,,,,,,,,,,,,,,,,,,,,,,,,,,,,,,,,,,,,,,,,,,,,,,,,,,,,,,,,,,,,,,,,,,,,,,,,,,,nb1028,19,Female,Right-handed,No,,,,,,,,,,,,,,,,,,,,,,,,,,,,,,,,,,,,,,,,,,,,,,,,,,,,,,,,,,,,,,,,,,,,,,,,,,,,,,,,,,,,,,,,,,,,,,,,,,,,,,,,,,,,,,,,,,,,,,,,,,,,,,,,,,,,,,,,,,,,,,,,,,,,,,,,,,,,,,,,,9,3,9,6,9,7,8,9,5,7,9,9,9,3,8,2,5,3,9,8,9,3,7,2,6,8,9,3,9,5,5,7,9,5,9,8,9,3,9,3,9,5,6,7,9,4,5,9,9,4,7,7,5,9,9,5,7,6,9,4,5,8,7,9,5,8,9,5,9,2,9,5,5,9,8,4,5,9,8,5,5,7,9,3,9,3,5,9,9,2,4,5,8,4,9,3,9,8,9,7,5,9,8,8,9,4,5,6,9,4,5,9,8,8,9,7,3,4,8,9,5,9,8,3,5,8,5,9,5,9,5,9,3,9,5,9,5,6,7,9,7,4,7,8,5,9,6,6,5,9,6,7,5,8,5,9,7,5,5,6
2019-10-28 14:03:04,2019-10-28 14:44:37,IP Address,129.21.181.221,100,2492,True,2019-10-28 14:44:37,R_1C9FZa5pfALRILx,,,,,43.0800933837890625,-77.6342010498046875,anonymous,EN,Pilot A,7,3,1,3,1,3,1,5,7,4,1,4,3,4,1,2,5,4,3,7,5,5,3,1,7,8,3,4,7,5,6,5,3,3,1,7,3,4,7,9,3,3,2,3,2,3,5,5,3,1,4,5,5,5,6,6,4,5,7,3,2,1,5,5,3,6,5,1,8,2,7,7,3,2,1,1,3,7,5,5,3,3,3,5,2,2,7,6,3,2,5,3,3,3,3,3,7,3,3,3,7,9,3,3,3,3,3,3,7,5,3,3,7,3,3,3,7,9,3,3,9,1,5,5,7,7,3,6,6,5,3,3,3,7,6,3,3,8,5,5,6,7,7,8,3,5,5,9,7,4,7,5,5,5,5,5,6,7,6,6,pilota1028,21,Female,Left-handed,No,,,,,,,,,,,,,,,,,,,,,,,,,,,,,,,,,,,,,,,,,,,,,,,,,,,,,,,,,,,,,,,,,,,,,,,,,,,,,,,,,,,,,,,,,,,,,,,,,,,,,,,,,,,,,,,,,,,,,,,,,,,,,,,,,,,,,,,,,,,,,,,,,,,,,,,,,,,,,,,,,,,,,,,,,,,,,,,,,,,,,,,,,,,,,,,,,,,,,,,,,,,,,,,,,,,,,,,,,,,,,,,,,,,,,,,,,,,,,,,,,,,,,,,,,,,,,,,,,,,,,,,,,,,,,,,,,,,,,,,,,,,,,,,,,,,,,,,,,,,,,,,,,,,,,,,,,,,,,,,,
2019-10-29 06:55:03,2019-10-29 07:47:11,IP Address,129.21.181.221,100,3127,True,2019-10-29 07:47:12,R_2S2ZA3B3aBLLk4Q,,,,,43.0800933837890625,-77.6342010498046875,anonymous,EN,Pilot B,7,2,3,3,3,9,3,7,7,4,2,4,3,5,1,4,7,4,3,5,3,8,1,3,7,5,2,3,5,2,4,7,2,3,2,7,3,8,7,8,3,7,3,9,5,5,5,9,3,9,2,3,2,5,7,5,2,3,5,3,1,7,4,7,2,4,2,7,7,6,5,9,2,8,3,6,3,8,5,7,2,7,3,8,3,6,6,5,3,9,5,7,3,7,1,8,5,3,2,6,6,7,2,9,3,7,3,7,7,6,1,4,8,4,5,5,6,6,5,7,5,4,6,5,7,7,5,7,5,8,5,8,5,7,7,5,5,9,5,7,7,6,8,6,4,7,7,7,6,8,7,6,5,8,5,8,5,7,5,7,pilotb1028,19,Female,Right-handed,No,,,,,,,,,,,,,,,,,,,,,,,,,,,,,,,,,,,,,,,,,,,,,,,,,,,,,,,,,,,,,,,,,,,,,,,,,,,,,,,,,,,,,,,,,,,,,,,,,,,,,,,,,,,,,,,,,,,,,,,,,,,,,,,,,,,,,,,,,,,,,,,,,,,,,,,,,,,,,,,,,,,,,,,,,,,,,,,,,,,,,,,,,,,,,,,,,,,,,,,,,,,,,,,,,,,,,,,,,,,,,,,,,,,,,,,,,,,,,,,,,,,,,,,,,,,,,,,,,,,,,,,,,,,,,,,,,,,,,,,,,,,,,,,,,,,,,,,,,,,,,,,,,,,,,,,,,,,,,,,,
2019-10-29 08:58:54,2019-10-29 09:13:49,IP Address,129.21.181.221,100,894,True,2019-10-29 09:13:50,R_21zZo8onfj109n8,,,,,43.0800933837890625,-77.6342010498046875,anonymous,EN,NA,,,,,,,,,,,,,,,,,,,,,,,,,,,,,,,,,,,,,,,,,,,,,,,,,,,,,,,,,,,,,,,,,,,,,,,,,,,,,,,,,,,,,,,,,,,,,,,,,,,,,,,,,,,,,,,,,,,,,,,,,,,,,,,,,,,,,,,,,,,,,,,,,,,,,,,,,,,,,,,,,na1028,18,Male,Right-handed,No,,,,,,,,,,,,,,,,,,,,,,,,,,,,,,,,,,,,,,,,,,,,,,,,,,,,,,,,,,,,,,,,,,,,,,,,,,,,,,,,,,,,,,,,,,,,,,,,,,,,,,,,,,,,,,,,,,,,,,,,,,,,,,,,,,,,,,,,,,,,,,,,,,,,,,,,,,,,,,,,,7,5,7,4,6,6,6,7,5,8,8,6,6,8,5,7,5,9,6,9,9,4,6,5,5,7,6,7,8,5,5,9,7,6,8,4,7,7,7,6,7,4,6,8,9,2,4,8,6,7,6,9,5,9,7,5,5,9,7,3,5,9,6,6,5,9,7,4,7,7,7,4,6,8,7,7,4,9,7,7,5,9,9,2,9,3,5,9,9,1,4,5,7,4,6,3,6,8,7,7,5,9,6,8,5,9,6,4,7,3,4,7,7,5,8,4,6,8,6,8,5,9,6,7,5,9,6,6,5,9,5,9,2,3,6,7,2,3,5,9,6,5,7,9,3,5,5,9,6,7,6,7,6,7,5,9,6,5,5,4
2019-10-29 09:20:40,2019-10-29 10:02:08,IP Address,129.21.181.221,100,2488,True,2019-10-29 10:02:09,R_1JQLFMtEXhLNwcS,,,,,43.0800933837890625,-77.6342010498046875,anonymous,EN,NB,,,,,,,,,,,,,,,,,,,,,,,,,,,,,,,,,,,,,,,,,,,,,,,,,,,,,,,,,,,,,,,,,,,,,,,,,,,,,,,,,,,,,,,,,,,,,,,,,,,,,,,,,,,,,,,,,,,,,,,,,,,,,,,,,,,,,,,,,,,,,,,,,,,,,,,,,,,,,,,,,nb1029,18,Male,Right-handed,No,,,,,,,,,,,,,,,,,,,,,,,,,,,,,,,,,,,,,,,,,,,,,,,,,,,,,,,,,,,,,,,,,,,,,,,,,,,,,,,,,,,,,,,,,,,,,,,,,,,,,,,,,,,,,,,,,,,,,,,,,,,,,,,,,,,,,,,,,,,,,,,,,,,,,,,,,,,,,,,,,7,3,6,4,7,7,6,6,3,3,7,7,6,7,4,3,7,3,6,5,7,6,6,3,6,5,6,6,6,5,3,3,7,4,7,6,6,4,5,4,5,4,6,6,5,4,5,5,6,4,6,6,5,4,5,5,6,6,6,3,3,2,7,4,5,5,7,6,6,3,7,7,5,5,6,3,5,4,6,6,5,5,7,7,7,7,3,2,7,7,5,3,7,6,6,4,4,3,7,7,5,3,6,4,7,3,5,3,7,4,7,4,6,7,6,4,5,4,6,6,5,5,6,4,5,4,3,3,6,7,5,5,3,3,7,4,3,3,5,4,6,6,7,7,4,4,4,4,7,7,6,6,4,2,3,3,6,3,5,3
2019-10-29 10:34:38,2019-10-29 10:49:33,IP Address,129.21.181.221,100,894,True,2019-10-29 10:49:33,R_0uBs574baTGkhkB,,,,,43.0800933837890625,-77.6342010498046875,anonymous,EN,Pilot A,7,6,1,1,1,3,2,4,5,9,3,3,1,3,1,1,9,1,3,5,5,5,3,3,5,5,2,2,3,3,5,9,1,1,3,9,1,1,5,9,5,9,3,9,3,5,5,9,4,9,1,1,5,9,7,5,5,9,5,9,3,4,1,5,1,9,4,7,5,9,5,9,1,9,1,4,5,9,5,9,1,1,1,5,3,9,7,5,3,9,5,5,1,7,3,9,8,8,2,9,9,6,1,5,3,4,3,5,5,9,5,9,9,7,5,8,5,7,5,8,2,9,5,9,9,5,7,5,5,9,5,9,5,8,9,6,4,8,5,9,7,8,9,8,3,9,5,6,7,9,7,8,5,5,5,5,5,9,9,9,pilota1029,18,Female,Left-handed,no,,,,,,,,,,,,,,,,,,,,,,,,,,,,,,,,,,,,,,,,,,,,,,,,,,,,,,,,,,,,,,,,,,,,,,,,,,,,,,,,,,,,,,,,,,,,,,,,,,,,,,,,,,,,,,,,,,,,,,,,,,,,,,,,,,,,,,,,,,,,,,,,,,,,,,,,,,,,,,,,,,,,,,,,,,,,,,,,,,,,,,,,,,,,,,,,,,,,,,,,,,,,,,,,,,,,,,,,,,,,,,,,,,,,,,,,,,,,,,,,,,,,,,,,,,,,,,,,,,,,,,,,,,,,,,,,,,,,,,,,,,,,,,,,,,,,,,,,,,,,,,,,,,,,,,,,,,,,,,,,
2019-10-29 11:17:12,2019-10-29 11:26:07,IP Address,129.21.181.221,100,534,True,2019-10-29 11:26:07,R_2D1YpgFHl526NuH,,,,,43.0800933837890625,-77.6342010498046875,anonymous,EN,Pilot B,9,2,1,3,1,1,1,1,5,8,1,1,1,1,1,1,9,9,1,2,1,1,1,1,9,9,4,4,5,8,5,9,3,4,3,3,2,2,7,8,4,4,3,5,2,2,6,8,3,5,4,4,4,4,8,8,2,1,5,9,1,1,4,8,1,1,2,2,7,8,8,8,5,5,4,4,1,1,9,8,1,1,1,1,1,1,9,8,1,1,5,9,1,2,1,1,9,9,1,1,9,9,1,1,1,1,1,1,9,9,2,1,9,9,1,1,9,9,9,9,9,9,9,9,9,9,2,2,5,9,5,9,5,9,7,8,3,7,6,9,7,8,9,9,5,8,7,7,9,9,9,9,9,9,9,9,4,7,8,9,pilotb1029,19,female,Right-handed,no,,,,,,,,,,,,,,,,,,,,,,,,,,,,,,,,,,,,,,,,,,,,,,,,,,,,,,,,,,,,,,,,,,,,,,,,,,,,,,,,,,,,,,,,,,,,,,,,,,,,,,,,,,,,,,,,,,,,,,,,,,,,,,,,,,,,,,,,,,,,,,,,,,,,,,,,,,,,,,,,,,,,,,,,,,,,,,,,,,,,,,,,,,,,,,,,,,,,,,,,,,,,,,,,,,,,,,,,,,,,,,,,,,,,,,,,,,,,,,,,,,,,,,,,,,,,,,,,,,,,,,,,,,,,,,,,,,,,,,,,,,,,,,,,,,,,,,,,,,,,,,,,,,,,,,,,,,,,,,,,
2019-10-29 11:34:24,2019-10-29 12:21:30,IP Address,129.21.181.221,100,2825,True,2019-10-29 12:21:31,R_3n1TJsrr8AIl0vt,,,,,43.0800933837890625,-77.6342010498046875,anonymous,EN,NA,,,,,,,,,,,,,,,,,,,,,,,,,,,,,,,,,,,,,,,,,,,,,,,,,,,,,,,,,,,,,,,,,,,,,,,,,,,,,,,,,,,,,,,,,,,,,,,,,,,,,,,,,,,,,,,,,,,,,,,,,,,,,,,,,,,,,,,,,,,,,,,,,,,,,,,,,,,,,,,,,na1029,20,male,Right-handed,no,,,,,,,,,,,,,,,,,,,,,,,,,,,,,,,,,,,,,,,,,,,,,,,,,,,,,,,,,,,,,,,,,,,,,,,,,,,,,,,,,,,,,,,,,,,,,,,,,,,,,,,,,,,,,,,,,,,,,,,,,,,,,,,,,,,,,,,,,,,,,,,,,,,,,,,,,,,,,,,,,5,4,9,2,9,4,9,5,5,4,9,5,9,3,9,3,5,5,6,5,9,4,9,1,5,5,9,3,9,4,4,4,9,5,9,4,9,5,5,5,5,5,6,4,6,5,5,5,7,3,7,5,6,3,9,5,7,4,6,5,5,4,6,5,5,5,9,3,9,2,6,5,5,5,5,5,5,5,7,5,5,5,7,5,9,4,5,5,9,5,3,4,9,3,9,1,5,5,7,5,5,5,6,5,5,4,5,2,6,4,5,5,7,4,7,5,5,3,9,5,5,5,5,5,5,5,5,5,5,4,5,5,5,5,5,5,5,5,5,5,5,4,6,5,4,5,5,4,5,5,5,5,5,5,5,5,5,5,5,5
2019-10-29 12:49:42,2019-10-29 12:58:34,IP Address,129.21.181.221,100,531,True,2019-10-29 12:58:34,R_3kKPDRukQp2hiJh,,,,,43.0800933837890625,-77.6342010498046875,anonymous,EN,NB,,,,,,,,,,,,,,,,,,,,,,,,,,,,,,,,,,,,,,,,,,,,,,,,,,,,,,,,,,,,,,,,,,,,,,,,,,,,,,,,,,,,,,,,,,,,,,,,,,,,,,,,,,,,,,,,,,,,,,,,,,,,,,,,,,,,,,,,,,,,,,,,,,,,,,,,,,,,,,,,,nb1030,18,Female,Right-handed,No,,,,,,,,,,,,,,,,,,,,,,,,,,,,,,,,,,,,,,,,,,,,,,,,,,,,,,,,,,,,,,,,,,,,,,,,,,,,,,,,,,,,,,,,,,,,,,,,,,,,,,,,,,,,,,,,,,,,,,,,,,,,,,,,,,,,,,,,,,,,,,,,,,,,,,,,,,,,,,,,,9,3,9,1,9,7,9,7,5,5,9,7,9,5,9,1,5,5,9,5,9,5,9,1,6,4,9,3,9,4,5,9,9,3,9,1,9,5,5,5,9,4,7,3,6,4,5,9,7,3,9,3,5,3,8,7,9,3,7,4,5,5,9,5,5,8,9,5,9,2,9,9,6,5,9,4,5,8,9,3,9,2,9,1,9,6,5,8,9,4,4,3,9,1,9,1,9,5,9,5,9,3,9,1,9,3,9,3,9,3,5,5,9,8,9,6,9,8,9,9,5,5,9,3,7,6,5,9,5,9,5,9,5,9,5,3,5,6,5,8,6,5,8,3,5,9,7,4,5,8,7,7,5,9,5,9,5,9,5,7
2019-10-29 14:19:37,2019-10-29 14:29:38,IP Address,129.21.181.221,100,600,True,2019-10-29 14:29:39,R_2sZLAGHihUF7Kir,,,,,43.0800933837890625,-77.6342010498046875,anonymous,EN,Pilot A,8,4,1,4,1,8,1,5,5,7,2,3,1,2,1,1,5,9,1,5,3,4,1,2,5,5,1,7,5,8,5,8,2,4,1,1,5,6,4,4,5,5,4,6,2,2,5,9,2,9,5,8,4,4,7,3,1,4,5,8,1,2,5,8,1,4,2,4,6,6,5,5,1,7,1,4,1,3,5,9,1,2,1,4,3,5,5,9,2,9,5,8,2,5,3,5,1,1,1,8,5,6,2,4,1,1,1,1,7,6,1,4,4,4,1,1,5,6,5,7,6,8,5,9,6,5,6,2,5,9,5,7,3,4,5,9,5,9,7,5,7,5,8,3,5,9,2,8,6,7,8,5,5,9,5,9,5,9,5,4,pilota1030,21,Woman,Right-handed,No,,,,,,,,,,,,,,,,,,,,,,,,,,,,,,,,,,,,,,,,,,,,,,,,,,,,,,,,,,,,,,,,,,,,,,,,,,,,,,,,,,,,,,,,,,,,,,,,,,,,,,,,,,,,,,,,,,,,,,,,,,,,,,,,,,,,,,,,,,,,,,,,,,,,,,,,,,,,,,,,,,,,,,,,,,,,,,,,,,,,,,,,,,,,,,,,,,,,,,,,,,,,,,,,,,,,,,,,,,,,,,,,,,,,,,,,,,,,,,,,,,,,,,,,,,,,,,,,,,,,,,,,,,,,,,,,,,,,,,,,,,,,,,,,,,,,,,,,,,,,,,,,,,,,,,,,,,,,,,,,
2019-10-29 14:58:19,2019-10-29 15:07:05,IP Address,129.21.181.221,100,525,True,2019-10-29 15:07:06,R_YYtuQ1tni6TbJdL,,,,,43.0800933837890625,-77.6342010498046875,anonymous,EN,Pilot B,9,5,1,1,1,6,3,5,5,5,3,3,3,6,1,5,5,3,3,6,5,7,1,3,9,1,1,5,3,5,3,5,1,3,1,5,1,6,7,4,1,5,1,5,1,6,5,6,1,7,1,7,3,6,5,7,5,7,5,7,1,3,1,4,1,3,3,5,9,3,5,5,1,5,1,4,1,7,5,7,1,5,1,3,1,7,8,4,1,5,5,5,1,3,1,3,9,5,1,5,9,5,1,5,1,4,1,4,9,6,1,3,9,1,1,7,5,5,7,7,5,5,9,1,7,5,5,5,5,5,5,5,3,5,7,1,2,5,5,5,9,5,9,5,3,5,9,3,5,5,7,5,5,5,5,5,5,5,7,1,pilotb1030,19,Female,Left-handed,Deaf,,,,,,,,,,,,,,,,,,,,,,,,,,,,,,,,,,,,,,,,,,,,,,,,,,,,,,,,,,,,,,,,,,,,,,,,,,,,,,,,,,,,,,,,,,,,,,,,,,,,,,,,,,,,,,,,,,,,,,,,,,,,,,,,,,,,,,,,,,,,,,,,,,,,,,,,,,,,,,,,,,,,,,,,,,,,,,,,,,,,,,,,,,,,,,,,,,,,,,,,,,,,,,,,,,,,,,,,,,,,,,,,,,,,,,,,,,,,,,,,,,,,,,,,,,,,,,,,,,,,,,,,,,,,,,,,,,,,,,,,,,,,,,,,,,,,,,,,,,,,,,,,,,,,,,,,,,,,,,,,
2019-10-29 15:52:38,2019-10-29 16:12:50,IP Address,129.21.181.221,100,1211,True,2019-10-29 16:12:51,R_1eOvWQ02vGJWasS,,,,,43.0800933837890625,-77.6342010498046875,anonymous,EN,NA,,,,,,,,,,,,,,,,,,,,,,,,,,,,,,,,,,,,,,,,,,,,,,,,,,,,,,,,,,,,,,,,,,,,,,,,,,,,,,,,,,,,,,,,,,,,,,,,,,,,,,,,,,,,,,,,,,,,,,,,,,,,,,,,,,,,,,,,,,,,,,,,,,,,,,,,,,,,,,,,,na1030,19,Male,Right-handed,No,,,,,,,,,,,,,,,,,,,,,,,,,,,,,,,,,,,,,,,,,,,,,,,,,,,,,,,,,,,,,,,,,,,,,,,,,,,,,,,,,,,,,,,,,,,,,,,,,,,,,,,,,,,,,,,,,,,,,,,,,,,,,,,,,,,,,,,,,,,,,,,,,,,,,,,,,,,,,,,,,5,9,8,4,9,8,7,9,4,7,5,7,3,5,9,5,8,2,7,4,9,1,7,4,6,5,9,1,7,6,2,4,6,5,5,9,8,7,6,8,5,9,5,9,8,7,5,9,7,5,6,7,5,9,2,5,5,9,7,6,5,9,6,7,5,9,7,5,6,6,5,9,5,9,5,9,3,7,5,5,5,9,7,6,9,3,3,7,7,6,5,9,5,9,5,9,6,7,5,7,5,9,6,9,7,5,5,1,7,3,5,9,7,5,9,3,5,8,7,6,6,6,7,5,5,9,5,6,5,7,5,7,5,9,7,5,5,9,5,5,8,3,9,1,5,5,8,1,7,5,6,5,6,5,5,9,5,7,7,1
2019-10-31 06:59:14,2019-10-31 07:43:26,IP Address,129.21.181.221,100,2651,True,2019-10-31 07:43:27,R_6QilXsuAPnQgVod,,,,,43.0800933837890625,-77.6342010498046875,anonymous,EN,NB,,,,,,,,,,,,,,,,,,,,,,,,,,,,,,,,,,,,,,,,,,,,,,,,,,,,,,,,,,,,,,,,,,,,,,,,,,,,,,,,,,,,,,,,,,,,,,,,,,,,,,,,,,,,,,,,,,,,,,,,,,,,,,,,,,,,,,,,,,,,,,,,,,,,,,,,,,,,,,,,,nb1031,18,Male,Right-handed,No,,,,,,,,,,,,,,,,,,,,,,,,,,,,,,,,,,,,,,,,,,,,,,,,,,,,,,,,,,,,,,,,,,,,,,,,,,,,,,,,,,,,,,,,,,,,,,,,,,,,,,,,,,,,,,,,,,,,,,,,,,,,,,,,,,,,,,,,,,,,,,,,,,,,,,,,,,,,,,,,,5,4,7,2,9,7,9,9,5,3,9,6,8,2,9,1,5,4,7,7,9,3,6,1,5,5,9,1,9,3,4,4,9,5,9,2,9,2,9,5,7,5,7,3,8,4,5,5,9,2,7,4,5,7,9,9,8,4,9,3,5,3,9,6,5,5,7,7,9,2,8,7,5,5,7,5,1,4,8,5,5,5,9,3,9,1,3,1,9,5,4,3,8,2,9,1,5,5,9,9,5,5,8,4,9,3,5,1,9,1,5,5,9,8,9,4,5,5,9,7,5,5,7,2,6,5,5,5,4,4,5,5,4,5,6,5,5,7,5,4,6,4,8,5,5,5,6,4,5,5,6,4,5,5,5,5,6,4,4,3
2019-10-31 08:23:55,2019-10-31 08:41:09,IP Address,129.21.181.221,100,1033,True,2019-10-31 08:41:10,R_1r7AyvNdbph5JLl,,,,,43.0800933837890625,-77.6342010498046875,anonymous,EN,Pilot A,6,4,2,3,3,6,3,5,5,5,4,6,4,6,2,4,7,3,3,5,4,5,1,1,7,7,2,3,3,4,4,5,1,3,3,4,3,3,7,6,3,5,3,4,3,3,5,5,3,7,3,4,4,5,5,5,5,5,5,5,2,3,3,4,1,3,3,4,6,5,5,5,3,4,3,3,2,3,5,5,3,4,3,3,3,4,6,5,4,6,5,4,1,5,3,4,7,4,3,4,7,6,4,4,2,3,3,4,6,4,3,3,7,4,4,4,5,5,6,4,4,5,6,4,7,5,5,5,5,5,5,5,4,4,4,4,3,4,5,5,7,4,8,7,3,4,7,6,7,6,7,5,5,5,5,5,6,4,5,5,pilota1031,18,Male,Right-handed,No,,,,,,,,,,,,,,,,,,,,,,,,,,,,,,,,,,,,,,,,,,,,,,,,,,,,,,,,,,,,,,,,,,,,,,,,,,,,,,,,,,,,,,,,,,,,,,,,,,,,,,,,,,,,,,,,,,,,,,,,,,,,,,,,,,,,,,,,,,,,,,,,,,,,,,,,,,,,,,,,,,,,,,,,,,,,,,,,,,,,,,,,,,,,,,,,,,,,,,,,,,,,,,,,,,,,,,,,,,,,,,,,,,,,,,,,,,,,,,,,,,,,,,,,,,,,,,,,,,,,,,,,,,,,,,,,,,,,,,,,,,,,,,,,,,,,,,,,,,,,,,,,,,,,,,,,,,,,,,,,
2019-10-31 10:31:35,2019-10-31 10:45:48,IP Address,129.21.181.221,100,852,True,2019-10-31 10:45:49,R_1LzaDVWDRp2Ubhn,,,,,43.0800933837890625,-77.6342010498046875,anonymous,EN,Pilot B,6,7,3,3,2,7,3,5,7,4,4,4,3,4,2,2,5,5,4,8,5,4,2,2,5,9,2,3,3,4,5,9,1,2,4,5,4,7,8,6,4,7,4,4,5,1,5,9,4,8,2,1,4,9,5,4,3,1,5,4,2,2,3,6,3,6,3,5,7,7,8,4,4,7,2,4,1,4,5,5,1,1,5,7,4,6,7,6,3,8,5,6,3,6,2,5,8,4,2,3,7,8,2,5,1,1,3,4,7,7,2,1,8,3,9,3,5,8,8,3,5,5,9,3,7,6,4,5,5,9,5,9,4,7,7,4,5,5,5,3,7,4,9,1,3,4,7,2,6,6,5,5,5,6,5,7,6,3,9,1,pilotb1031,21,male,Right-handed,no,,,,,,,,,,,,,,,,,,,,,,,,,,,,,,,,,,,,,,,,,,,,,,,,,,,,,,,,,,,,,,,,,,,,,,,,,,,,,,,,,,,,,,,,,,,,,,,,,,,,,,,,,,,,,,,,,,,,,,,,,,,,,,,,,,,,,,,,,,,,,,,,,,,,,,,,,,,,,,,,,,,,,,,,,,,,,,,,,,,,,,,,,,,,,,,,,,,,,,,,,,,,,,,,,,,,,,,,,,,,,,,,,,,,,,,,,,,,,,,,,,,,,,,,,,,,,,,,,,,,,,,,,,,,,,,,,,,,,,,,,,,,,,,,,,,,,,,,,,,,,,,,,,,,,,,,,,,,,,,,
2019-10-31 10:54:30,2019-10-31 11:30:43,IP Address,129.21.181.221,100,2173,True,2019-10-31 11:30:44,R_1EYBSRqhMwYYngQ,,,,,43.0800933837890625,-77.6342010498046875,anonymous,EN,NA,,,,,,,,,,,,,,,,,,,,,,,,,,,,,,,,,,,,,,,,,,,,,,,,,,,,,,,,,,,,,,,,,,,,,,,,,,,,,,,,,,,,,,,,,,,,,,,,,,,,,,,,,,,,,,,,,,,,,,,,,,,,,,,,,,,,,,,,,,,,,,,,,,,,,,,,,,,,,,,,,na1031,18,Female,Right-handed,No,,,,,,,,,,,,,,,,,,,,,,,,,,,,,,,,,,,,,,,,,,,,,,,,,,,,,,,,,,,,,,,,,,,,,,,,,,,,,,,,,,,,,,,,,,,,,,,,,,,,,,,,,,,,,,,,,,,,,,,,,,,,,,,,,,,,,,,,,,,,,,,,,,,,,,,,,,,,,,,,,5,5,7,3,9,7,9,7,5,5,9,6,7,3,8,1,5,4,7,4,9,2,8,1,6,6,7,3,8,3,5,5,9,3,9,2,7,4,6,4,6,4,6,4,6,4,5,5,7,2,7,4,5,5,6,4,8,3,6,3,5,5,6,4,5,5,7,4,8,2,7,3,5,5,6,4,5,5,8,3,6,5,7,3,9,1,5,5,9,1,6,5,7,3,7,2,6,6,8,6,5,5,6,4,5,4,6,3,7,2,5,5,8,1,9,1,4,5,8,3,5,5,5,5,5,5,4,7,4,7,5,6,5,5,4,5,4,6,5,6,6,4,6,3,5,5,6,3,5,4,5,4,5,5,5,5,4,6,5,5
2019-10-31 12:03:45,2019-10-31 12:12:12,IP Address,129.21.181.221,100,506,True,2019-10-31 12:12:12,R_1jjNSwou4lCUx7K,,,,,43.0800933837890625,-77.6342010498046875,anonymous,EN,NB,,,,,,,,,,,,,,,,,,,,,,,,,,,,,,,,,,,,,,,,,,,,,,,,,,,,,,,,,,,,,,,,,,,,,,,,,,,,,,,,,,,,,,,,,,,,,,,,,,,,,,,,,,,,,,,,,,,,,,,,,,,,,,,,,,,,,,,,,,,,,,,,,,,,,,,,,,,,,,,,,nb1032,19,female,Right-handed,no,,,,,,,,,,,,,,,,,,,,,,,,,,,,,,,,,,,,,,,,,,,,,,,,,,,,,,,,,,,,,,,,,,,,,,,,,,,,,,,,,,,,,,,,,,,,,,,,,,,,,,,,,,,,,,,,,,,,,,,,,,,,,,,,,,,,,,,,,,,,,,,,,,,,,,,,,,,,,,,,,5,9,9,9,9,9,9,9,5,9,9,9,9,9,9,8,5,8,6,9,9,9,9,9,5,9,7,9,9,9,5,9,9,9,9,9,9,9,9,9,9,9,5,9,9,9,5,9,7,8,5,9,5,9,7,9,7,9,7,9,5,9,7,9,5,9,9,9,8,9,9,9,5,9,7,9,5,9,7,9,5,9,9,9,9,9,5,9,8,9,7,9,7,9,9,9,5,9,8,9,6,9,7,9,7,9,7,9,9,9,5,9,8,9,9,9,5,9,8,9,5,9,7,9,5,9,5,9,5,9,5,9,5,9,5,9,5,9,5,9,5,9,7,9,5,9,5,9,5,9,6,9,5,9,5,9,5,9,5,9
2019-10-31 12:19:30,2019-10-31 13:04:59,IP Address,129.21.181.221,100,2728,True,2019-10-31 13:05:00,R_0C9WIYdUsGtXUEp,,,,,43.0800933837890625,-77.6342010498046875,anonymous,EN,Pilot A,9,1,1,7,1,9,1,8,5,3,3,7,1,9,1,5,7,7,1,9,5,5,1,1,7,7,1,1,5,1,5,1,1,1,1,7,1,5,9,5,1,9,1,3,1,1,5,5,1,9,5,3,4,8,5,6,1,1,5,2,1,3,5,1,1,3,1,7,7,9,5,8,1,9,1,7,1,7,5,8,4,3,1,9,1,7,7,7,1,9,5,1,1,3,1,7,4,5,3,8,7,9,1,3,3,5,3,3,5,8,1,1,9,1,5,5,5,9,5,1,5,1,9,1,7,3,5,9,5,3,5,5,3,7,9,2,5,5,5,4,5,1,7,3,3,8,8,1,5,7,8,7,5,9,5,9,7,7,7,2,pilota1032,19,female,Right-handed,no,,,,,,,,,,,,,,,,,,,,,,,,,,,,,,,,,,,,,,,,,,,,,,,,,,,,,,,,,,,,,,,,,,,,,,,,,,,,,,,,,,,,,,,,,,,,,,,,,,,,,,,,,,,,,,,,,,,,,,,,,,,,,,,,,,,,,,,,,,,,,,,,,,,,,,,,,,,,,,,,,,,,,,,,,,,,,,,,,,,,,,,,,,,,,,,,,,,,,,,,,,,,,,,,,,,,,,,,,,,,,,,,,,,,,,,,,,,,,,,,,,,,,,,,,,,,,,,,,,,,,,,,,,,,,,,,,,,,,,,,,,,,,,,,,,,,,,,,,,,,,,,,,,,,,,,,,,,,,,,,
2019-10-31 13:39:32,2019-10-31 13:46:11,IP Address,129.21.181.221,100,398,True,2019-10-31 13:46:12,R_1nZQ6tPdZHMlV3T,,,,,43.0800933837890625,-77.6342010498046875,anonymous,EN,Pilot B,7,7,1,4,3,4,1,2,4,5,3,6,3,5,1,1,5,8,3,9,2,5,1,1,5,9,3,3,5,9,3,5,3,5,3,5,3,5,5,9,4,5,3,4,3,3,5,9,3,5,3,7,3,3,5,9,3,3,5,9,1,1,3,6,1,2,2,2,5,8,4,7,3,3,2,3,1,1,5,9,1,1,1,1,1,1,4,5,3,3,5,9,1,1,1,1,3,5,3,3,7,7,3,3,3,2,2,2,9,9,1,1,1,1,1,1,7,7,5,5,7,9,7,9,7,9,5,9,5,9,5,8,5,8,5,8,6,7,2,4,5,9,9,9,5,5,5,5,9,9,8,8,5,6,5,6,5,6,6,7,pilotb1032,20,male,Right-handed,none,,,,,,,,,,,,,,,,,,,,,,,,,,,,,,,,,,,,,,,,,,,,,,,,,,,,,,,,,,,,,,,,,,,,,,,,,,,,,,,,,,,,,,,,,,,,,,,,,,,,,,,,,,,,,,,,,,,,,,,,,,,,,,,,,,,,,,,,,,,,,,,,,,,,,,,,,,,,,,,,,,,,,,,,,,,,,,,,,,,,,,,,,,,,,,,,,,,,,,,,,,,,,,,,,,,,,,,,,,,,,,,,,,,,,,,,,,,,,,,,,,,,,,,,,,,,,,,,,,,,,,,,,,,,,,,,,,,,,,,,,,,,,,,,,,,,,,,,,,,,,,,,,,,,,,,,,,,,,,,,
